Using pre-set license
Built from '2021.3/staging' branch; Version is '2021.3.0f1 (6eacc8284459) revision 7253192'; Using compiler version '192829333'; Build Type 'Release'
OS: 'Windows 10  (10.0.19045) 64bit Enterprise' Language: 'ko' Physical Memory: 7891 MB
BatchMode: 1, IsHumanControllingUs: 0, StartBugReporterOnCrash: 0, Is64bit: 1, IsPro: 1

COMMAND LINE ARGUMENTS:
C:\Program Files\Unity\Hub\Editor\2021.3.0f1\Editor\Unity.exe
-adb2
-batchMode
-noUpm
-name
AssetImportWorker0
-projectPath
C:/Users/박규현/Desktop/UnityProject/Hit-And-Run
-logFile
Logs/AssetImportWorker0.log
-srvPort
49674
Successfully changed project path to: C:/Users/박규현/Desktop/UnityProject/Hit-And-Run
C:/Users/박규현/Desktop/UnityProject/Hit-And-Run
[UnityMemory] Configuration Parameters - Can be set up in boot.config
    "memorysetup-bucket-allocator-granularity=16"
    "memorysetup-bucket-allocator-bucket-count=8"
    "memorysetup-bucket-allocator-block-size=33554432"
    "memorysetup-bucket-allocator-block-count=8"
    "memorysetup-main-allocator-block-size=16777216"
    "memorysetup-thread-allocator-block-size=16777216"
    "memorysetup-gfx-main-allocator-block-size=16777216"
    "memorysetup-gfx-thread-allocator-block-size=16777216"
    "memorysetup-cache-allocator-block-size=4194304"
    "memorysetup-typetree-allocator-block-size=2097152"
    "memorysetup-profiler-bucket-allocator-granularity=16"
    "memorysetup-profiler-bucket-allocator-bucket-count=8"
    "memorysetup-profiler-bucket-allocator-block-size=33554432"
    "memorysetup-profiler-bucket-allocator-block-count=8"
    "memorysetup-profiler-allocator-block-size=16777216"
    "memorysetup-profiler-editor-allocator-block-size=1048576"
    "memorysetup-temp-allocator-size-main=16777216"
    "memorysetup-job-temp-allocator-block-size=2097152"
    "memorysetup-job-temp-allocator-block-size-background=1048576"
    "memorysetup-job-temp-allocator-reduction-small-platforms=262144"
    "memorysetup-temp-allocator-size-background-worker=32768"
    "memorysetup-temp-allocator-size-job-worker=262144"
    "memorysetup-temp-allocator-size-preload-manager=33554432"
    "memorysetup-temp-allocator-size-nav-mesh-worker=65536"
    "memorysetup-temp-allocator-size-audio-worker=65536"
    "memorysetup-temp-allocator-size-cloud-worker=32768"
    "memorysetup-temp-allocator-size-gi-baking-worker=262144"
    "memorysetup-temp-allocator-size-gfx=262144"
Refreshing native plugins compatible for Editor in 157.41 ms, found 3 plugins.
Preloading 0 native plugins for Editor in 0.00 ms.
Initialize engine version: 2021.3.0f1 (6eacc8284459)
[Subsystems] Discovering subsystems at path C:/Program Files/Unity/Hub/Editor/2021.3.0f1/Editor/Data/Resources/UnitySubsystems
[Subsystems] Discovering subsystems at path C:/Users/박규현/Desktop/UnityProject/Hit-And-Run/Assets
GfxDevice: creating device client; threaded=0; jobified=0
Direct3D:
    Version:  Direct3D 11.0 [level 11.1]
    Renderer: Intel(R) HD Graphics 620 (ID=0x5916)
    Vendor:   Intel
    VRAM:     3945 MB
    Driver:   23.20.16.4849
Initialize mono
Mono path[0] = 'C:/Program Files/Unity/Hub/Editor/2021.3.0f1/Editor/Data/Managed'
Mono path[1] = 'C:/Program Files/Unity/Hub/Editor/2021.3.0f1/Editor/Data/MonoBleedingEdge/lib/mono/unityjit-win32'
Mono config path = 'C:/Program Files/Unity/Hub/Editor/2021.3.0f1/Editor/Data/MonoBleedingEdge/etc'
Using monoOptions --debugger-agent=transport=dt_socket,embedding=1,server=y,suspend=n,address=127.0.0.1:56636
Begin MonoManager ReloadAssembly
Registering precompiled unity dll's ...
Register platform support module: C:/Program Files/Unity/Hub/Editor/2021.3.0f1/Editor/Data/PlaybackEngines/WebGLSupport/UnityEditor.WebGL.Extensions.dll
Register platform support module: C:/Program Files/Unity/Hub/Editor/2021.3.0f1/Editor/Data/PlaybackEngines/AndroidPlayer/UnityEditor.Android.Extensions.dll
Register platform support module: C:/Program Files/Unity/Hub/Editor/2021.3.0f1/Editor/Data/PlaybackEngines/WindowsStandaloneSupport/UnityEditor.WindowsStandalone.Extensions.dll
Registered in 0.013825 seconds.
Native extension for WindowsStandalone target not found
Native extension for Android target not found
Native extension for WebGL target not found
Refreshing native plugins compatible for Editor in 188.76 ms, found 3 plugins.
Preloading 0 native plugins for Editor in 0.00 ms.
Mono: successfully reloaded assembly
- Completed reload, in  1.652 seconds
Domain Reload Profiling:
	ReloadAssembly (1653ms)
		BeginReloadAssembly (121ms)
			ExecutionOrderSort (0ms)
			DisableScriptedObjects (0ms)
			BackupInstance (0ms)
			ReleaseScriptingObjects (0ms)
			CreateAndSetChildDomain (1ms)
		EndReloadAssembly (1349ms)
			LoadAssemblies (119ms)
			RebuildTransferFunctionScriptingTraits (0ms)
			SetupTypeCache (181ms)
			ReleaseScriptCaches (0ms)
			RebuildScriptCaches (49ms)
			SetupLoadedEditorAssemblies (1040ms)
				LogAssemblyErrors (0ms)
				InitializePlatformSupportModulesInManaged (78ms)
				SetLoadedEditorAssemblies (0ms)
				RefreshPlugins (189ms)
				BeforeProcessingInitializeOnLoad (2ms)
				ProcessInitializeOnLoadAttributes (411ms)
				ProcessInitializeOnLoadMethodAttributes (358ms)
				AfterProcessingInitializeOnLoad (0ms)
				EditorAssembliesLoaded (0ms)
			ExecutionOrderSort2 (0ms)
			AwakeInstancesAfterBackupRestoration (0ms)
Platform modules already initialized, skipping
Registering precompiled user dll's ...
Registered in 0.012035 seconds.
Begin MonoManager ReloadAssembly
Symbol file LoadedFromMemory doesn't match image C:\Users\박규현\Desktop\UnityProject\Hit-And-Run\Library\PackageCache\com.unity.visualscripting@1.7.6\Editor\VisualScripting.Core\Dependencies\YamlDotNet\Unity.VisualScripting.YamlDotNet.dll
Symbol file LoadedFromMemory is not a mono symbol file
Symbol file LoadedFromMemory doesn't match image C:\Users\박규현\Desktop\UnityProject\Hit-And-Run\Library\PackageCache\com.unity.visualscripting@1.7.6\Editor\VisualScripting.Core\Dependencies\DotNetZip\Unity.VisualScripting.IonicZip.dll
Native extension for WindowsStandalone target not found
Native extension for Android target not found
Native extension for WebGL target not found
Refreshing native plugins compatible for Editor in 1.43 ms, found 3 plugins.
Preloading 0 native plugins for Editor in 0.00 ms.
Mono: successfully reloaded assembly
- Completed reload, in  3.631 seconds
Domain Reload Profiling:
	ReloadAssembly (3633ms)
		BeginReloadAssembly (589ms)
			ExecutionOrderSort (0ms)
			DisableScriptedObjects (28ms)
			BackupInstance (0ms)
			ReleaseScriptingObjects (0ms)
			CreateAndSetChildDomain (103ms)
		EndReloadAssembly (2071ms)
			LoadAssemblies (475ms)
			RebuildTransferFunctionScriptingTraits (0ms)
			SetupTypeCache (620ms)
			ReleaseScriptCaches (1ms)
			RebuildScriptCaches (123ms)
			SetupLoadedEditorAssemblies (969ms)
				LogAssemblyErrors (0ms)
				InitializePlatformSupportModulesInManaged (41ms)
				SetLoadedEditorAssemblies (1ms)
				RefreshPlugins (2ms)
				BeforeProcessingInitializeOnLoad (220ms)
				ProcessInitializeOnLoadAttributes (538ms)
				ProcessInitializeOnLoadMethodAttributes (119ms)
				AfterProcessingInitializeOnLoad (48ms)
				EditorAssembliesLoaded (0ms)
			ExecutionOrderSort2 (0ms)
			AwakeInstancesAfterBackupRestoration (16ms)
Platform modules already initialized, skipping
========================================================================
Worker process is ready to serve import requests
Launched and connected shader compiler UnityShaderCompiler.exe after 0.07 seconds
Refreshing native plugins compatible for Editor in 1.37 ms, found 3 plugins.
Preloading 0 native plugins for Editor in 0.00 ms.
Unloading 3251 Unused Serialized files (Serialized files now loaded: 0)
Unloading 23 unused Assets / (112.8 KB). Loaded Objects now: 3716.
Memory consumption went from 122.2 MB to 122.1 MB.
Total: 6.509000 ms (FindLiveObjects: 0.610700 ms CreateObjectMapping: 0.644800 ms MarkObjects: 5.057500 ms  DeleteObjects: 0.193300 ms)

AssetImportParameters requested are different than current active one (requested -> active):
  custom:video-decoder-ogg-theora: a1e56fd34408186e4bbccfd4996cb3dc -> 
  custom:container-muxer-webm: aa71ff27fc2769a1b78a27578f13a17b -> 
  custom:container-demuxer-webm: 4f35f7cbe854078d1ac9338744f61a02 -> 
  custom:video-encoder-webm-vp8: eb34c28f22e8b96e1ab97ce403110664 -> 
  custom:video-codec-MediaFoundation-h265: 746d11721c4dcdbdad8f713fa42b33f4 -> 
  custom:audio-encoder-webm-vorbis: bf7c407c2cedff20999df2af8eb42d56 -> 
  custom:framework-win-MediaFoundation: 216162199b28c13a410421893ffa2e32 -> 
  custom:container-demuxer-ogg: 62fdf1f143b41e24485cea50d1cbac27 -> 
  custom:video-decoder-webm-vp8: 9c59270c3fd7afecdb556c50c9e8de78 -> 
  custom:audio-decoder-ogg-vorbis: bf7c407c2cedff20999df2af8eb42d56 -> 
========================================================================
Received Import Request.
  Time since last request: 486.612175 seconds.
  path: Assets/Player.cs
  artifactKey: Guid(c6814521c65dac344b9497a08bb82836) Importer(815301076,1909f56bfc062723c751e8b465ee728b)
Start importing Assets/Player.cs using Guid(c6814521c65dac344b9497a08bb82836) Importer(815301076,1909f56bfc062723c751e8b465ee728b)  -> (artifact id: '35ffbfc30570f36035d9c859f85b9e7c') in 0.075669 seconds 
========================================================================
Received Prepare
Registering precompiled user dll's ...
Registered in 0.010131 seconds.
Begin MonoManager ReloadAssembly
Symbol file LoadedFromMemory doesn't match image C:\Users\박규현\Desktop\UnityProject\Hit-And-Run\Library\PackageCache\com.unity.visualscripting@1.7.6\Editor\VisualScripting.Core\Dependencies\YamlDotNet\Unity.VisualScripting.YamlDotNet.dll
Symbol file LoadedFromMemory is not a mono symbol file
Symbol file LoadedFromMemory doesn't match image C:\Users\박규현\Desktop\UnityProject\Hit-And-Run\Library\PackageCache\com.unity.visualscripting@1.7.6\Editor\VisualScripting.Core\Dependencies\DotNetZip\Unity.VisualScripting.IonicZip.dll
Native extension for WindowsStandalone target not found
Native extension for Android target not found
Native extension for WebGL target not found
Refreshing native plugins compatible for Editor in 9.10 ms, found 3 plugins.
Preloading 0 native plugins for Editor in 0.00 ms.
Mono: successfully reloaded assembly
- Completed reload, in  9.847 seconds
Domain Reload Profiling:
	ReloadAssembly (9854ms)
		BeginReloadAssembly (323ms)
			ExecutionOrderSort (0ms)
			DisableScriptedObjects (14ms)
			BackupInstance (0ms)
			ReleaseScriptingObjects (0ms)
			CreateAndSetChildDomain (80ms)
		EndReloadAssembly (9321ms)
			LoadAssemblies (258ms)
			RebuildTransferFunctionScriptingTraits (0ms)
			SetupTypeCache (3950ms)
			ReleaseScriptCaches (11ms)
			RebuildScriptCaches (503ms)
			SetupLoadedEditorAssemblies (3633ms)
				LogAssemblyErrors (0ms)
				InitializePlatformSupportModulesInManaged (282ms)
				SetLoadedEditorAssemblies (7ms)
				RefreshPlugins (10ms)
				BeforeProcessingInitializeOnLoad (634ms)
				ProcessInitializeOnLoadAttributes (2310ms)
				ProcessInitializeOnLoadMethodAttributes (258ms)
				AfterProcessingInitializeOnLoad (132ms)
				EditorAssembliesLoaded (1ms)
			ExecutionOrderSort2 (0ms)
			AwakeInstancesAfterBackupRestoration (75ms)
Platform modules already initialized, skipping
Refreshing native plugins compatible for Editor in 21.11 ms, found 3 plugins.
Preloading 0 native plugins for Editor in 0.00 ms.
Unloading 3235 Unused Serialized files (Serialized files now loaded: 0)
Unloading 16 unused Assets / (80.1 KB). Loaded Objects now: 3719.
Memory consumption went from 121.1 MB to 121.0 MB.
Total: 25.418800 ms (FindLiveObjects: 2.765600 ms CreateObjectMapping: 2.801600 ms MarkObjects: 19.332200 ms  DeleteObjects: 0.514100 ms)

AssetImportParameters requested are different than current active one (requested -> active):
  custom:video-decoder-ogg-theora: a1e56fd34408186e4bbccfd4996cb3dc -> 
  custom:container-muxer-webm: aa71ff27fc2769a1b78a27578f13a17b -> 
  custom:container-demuxer-webm: 4f35f7cbe854078d1ac9338744f61a02 -> 
  custom:video-encoder-webm-vp8: eb34c28f22e8b96e1ab97ce403110664 -> 
  custom:video-codec-MediaFoundation-h265: 746d11721c4dcdbdad8f713fa42b33f4 -> 
  custom:audio-encoder-webm-vorbis: bf7c407c2cedff20999df2af8eb42d56 -> 
  custom:framework-win-MediaFoundation: 216162199b28c13a410421893ffa2e32 -> 
  custom:container-demuxer-ogg: 62fdf1f143b41e24485cea50d1cbac27 -> 
  custom:video-decoder-webm-vp8: 9c59270c3fd7afecdb556c50c9e8de78 -> 
  custom:audio-decoder-ogg-vorbis: bf7c407c2cedff20999df2af8eb42d56 -> 
========================================================================
Received Import Request.
  Time since last request: 140.609832 seconds.
  path: Assets/Player/PlayerAnimator.controller
  artifactKey: Guid(9743c3db528548c47a2118ca171adbd5) Importer(815301076,1909f56bfc062723c751e8b465ee728b)
Start importing Assets/Player/PlayerAnimator.controller using Guid(9743c3db528548c47a2118ca171adbd5) Importer(815301076,1909f56bfc062723c751e8b465ee728b)  -> (artifact id: 'f7faba3740e792f1429534faf7dc8c12') in 0.108182 seconds 
========================================================================
Received Prepare
Registering precompiled user dll's ...
Registered in 0.008774 seconds.
Begin MonoManager ReloadAssembly
Symbol file LoadedFromMemory doesn't match image C:\Users\박규현\Desktop\UnityProject\Hit-And-Run\Library\PackageCache\com.unity.visualscripting@1.7.6\Editor\VisualScripting.Core\Dependencies\YamlDotNet\Unity.VisualScripting.YamlDotNet.dll
Symbol file LoadedFromMemory is not a mono symbol file
Symbol file LoadedFromMemory doesn't match image C:\Users\박규현\Desktop\UnityProject\Hit-And-Run\Library\PackageCache\com.unity.visualscripting@1.7.6\Editor\VisualScripting.Core\Dependencies\DotNetZip\Unity.VisualScripting.IonicZip.dll
Native extension for WindowsStandalone target not found
Native extension for Android target not found
Native extension for WebGL target not found
Refreshing native plugins compatible for Editor in 1.09 ms, found 3 plugins.
Preloading 0 native plugins for Editor in 0.00 ms.
Mono: successfully reloaded assembly
- Completed reload, in  1.760 seconds
Domain Reload Profiling:
	ReloadAssembly (1762ms)
		BeginReloadAssembly (241ms)
			ExecutionOrderSort (0ms)
			DisableScriptedObjects (8ms)
			BackupInstance (0ms)
			ReleaseScriptingObjects (0ms)
			CreateAndSetChildDomain (64ms)
		EndReloadAssembly (1298ms)
			LoadAssemblies (175ms)
			RebuildTransferFunctionScriptingTraits (0ms)
			SetupTypeCache (465ms)
			ReleaseScriptCaches (2ms)
			RebuildScriptCaches (70ms)
			SetupLoadedEditorAssemblies (531ms)
				LogAssemblyErrors (0ms)
				InitializePlatformSupportModulesInManaged (43ms)
				SetLoadedEditorAssemblies (1ms)
				RefreshPlugins (1ms)
				BeforeProcessingInitializeOnLoad (105ms)
				ProcessInitializeOnLoadAttributes (330ms)
				ProcessInitializeOnLoadMethodAttributes (43ms)
				AfterProcessingInitializeOnLoad (8ms)
				EditorAssembliesLoaded (0ms)
			ExecutionOrderSort2 (0ms)
			AwakeInstancesAfterBackupRestoration (12ms)
Platform modules already initialized, skipping
Refreshing native plugins compatible for Editor in 4.06 ms, found 3 plugins.
Preloading 0 native plugins for Editor in 0.00 ms.
Unloading 3235 Unused Serialized files (Serialized files now loaded: 0)
Unloading 16 unused Assets / (79.8 KB). Loaded Objects now: 3722.
Memory consumption went from 121.1 MB to 121.0 MB.
Total: 6.244200 ms (FindLiveObjects: 0.452300 ms CreateObjectMapping: 0.375300 ms MarkObjects: 5.238800 ms  DeleteObjects: 0.175500 ms)

AssetImportParameters requested are different than current active one (requested -> active):
  custom:video-decoder-ogg-theora: a1e56fd34408186e4bbccfd4996cb3dc -> 
  custom:container-muxer-webm: aa71ff27fc2769a1b78a27578f13a17b -> 
  custom:container-demuxer-webm: 4f35f7cbe854078d1ac9338744f61a02 -> 
  custom:video-encoder-webm-vp8: eb34c28f22e8b96e1ab97ce403110664 -> 
  custom:video-codec-MediaFoundation-h265: 746d11721c4dcdbdad8f713fa42b33f4 -> 
  custom:audio-encoder-webm-vorbis: bf7c407c2cedff20999df2af8eb42d56 -> 
  custom:framework-win-MediaFoundation: 216162199b28c13a410421893ffa2e32 -> 
  custom:container-demuxer-ogg: 62fdf1f143b41e24485cea50d1cbac27 -> 
  custom:video-decoder-webm-vp8: 9c59270c3fd7afecdb556c50c9e8de78 -> 
  custom:audio-decoder-ogg-vorbis: bf7c407c2cedff20999df2af8eb42d56 -> 
========================================================================
Received Prepare
Registering precompiled user dll's ...
Registered in 0.006884 seconds.
Begin MonoManager ReloadAssembly
Symbol file LoadedFromMemory doesn't match image C:\Users\박규현\Desktop\UnityProject\Hit-And-Run\Library\PackageCache\com.unity.visualscripting@1.7.6\Editor\VisualScripting.Core\Dependencies\YamlDotNet\Unity.VisualScripting.YamlDotNet.dll
Symbol file LoadedFromMemory is not a mono symbol file
Symbol file LoadedFromMemory doesn't match image C:\Users\박규현\Desktop\UnityProject\Hit-And-Run\Library\PackageCache\com.unity.visualscripting@1.7.6\Editor\VisualScripting.Core\Dependencies\DotNetZip\Unity.VisualScripting.IonicZip.dll
Native extension for WindowsStandalone target not found
Native extension for Android target not found
Native extension for WebGL target not found
Refreshing native plugins compatible for Editor in 0.78 ms, found 3 plugins.
Preloading 0 native plugins for Editor in 0.00 ms.
Mono: successfully reloaded assembly
- Completed reload, in  1.478 seconds
Domain Reload Profiling:
	ReloadAssembly (1479ms)
		BeginReloadAssembly (199ms)
			ExecutionOrderSort (0ms)
			DisableScriptedObjects (7ms)
			BackupInstance (0ms)
			ReleaseScriptingObjects (0ms)
			CreateAndSetChildDomain (48ms)
		EndReloadAssembly (1061ms)
			LoadAssemblies (153ms)
			RebuildTransferFunctionScriptingTraits (0ms)
			SetupTypeCache (370ms)
			ReleaseScriptCaches (1ms)
			RebuildScriptCaches (50ms)
			SetupLoadedEditorAssemblies (449ms)
				LogAssemblyErrors (0ms)
				InitializePlatformSupportModulesInManaged (31ms)
				SetLoadedEditorAssemblies (1ms)
				RefreshPlugins (1ms)
				BeforeProcessingInitializeOnLoad (82ms)
				ProcessInitializeOnLoadAttributes (296ms)
				ProcessInitializeOnLoadMethodAttributes (29ms)
				AfterProcessingInitializeOnLoad (8ms)
				EditorAssembliesLoaded (0ms)
			ExecutionOrderSort2 (0ms)
			AwakeInstancesAfterBackupRestoration (7ms)
Platform modules already initialized, skipping
Refreshing native plugins compatible for Editor in 3.20 ms, found 3 plugins.
Preloading 0 native plugins for Editor in 0.00 ms.
Unloading 3235 Unused Serialized files (Serialized files now loaded: 0)
Unloading 16 unused Assets / (80.1 KB). Loaded Objects now: 3725.
Memory consumption went from 121.1 MB to 121.0 MB.
Total: 5.566500 ms (FindLiveObjects: 0.403100 ms CreateObjectMapping: 0.400400 ms MarkObjects: 4.605600 ms  DeleteObjects: 0.155300 ms)

AssetImportParameters requested are different than current active one (requested -> active):
  custom:video-decoder-ogg-theora: a1e56fd34408186e4bbccfd4996cb3dc -> 
  custom:container-muxer-webm: aa71ff27fc2769a1b78a27578f13a17b -> 
  custom:container-demuxer-webm: 4f35f7cbe854078d1ac9338744f61a02 -> 
  custom:video-encoder-webm-vp8: eb34c28f22e8b96e1ab97ce403110664 -> 
  custom:video-codec-MediaFoundation-h265: 746d11721c4dcdbdad8f713fa42b33f4 -> 
  custom:audio-encoder-webm-vorbis: bf7c407c2cedff20999df2af8eb42d56 -> 
  custom:framework-win-MediaFoundation: 216162199b28c13a410421893ffa2e32 -> 
  custom:container-demuxer-ogg: 62fdf1f143b41e24485cea50d1cbac27 -> 
  custom:video-decoder-webm-vp8: 9c59270c3fd7afecdb556c50c9e8de78 -> 
  custom:audio-decoder-ogg-vorbis: bf7c407c2cedff20999df2af8eb42d56 -> 
========================================================================
Received Prepare
Registering precompiled user dll's ...
Registered in 0.006794 seconds.
Begin MonoManager ReloadAssembly
Symbol file LoadedFromMemory doesn't match image C:\Users\박규현\Desktop\UnityProject\Hit-And-Run\Library\PackageCache\com.unity.visualscripting@1.7.6\Editor\VisualScripting.Core\Dependencies\YamlDotNet\Unity.VisualScripting.YamlDotNet.dll
Symbol file LoadedFromMemory is not a mono symbol file
Symbol file LoadedFromMemory doesn't match image C:\Users\박규현\Desktop\UnityProject\Hit-And-Run\Library\PackageCache\com.unity.visualscripting@1.7.6\Editor\VisualScripting.Core\Dependencies\DotNetZip\Unity.VisualScripting.IonicZip.dll
Native extension for WindowsStandalone target not found
Native extension for Android target not found
Native extension for WebGL target not found
Refreshing native plugins compatible for Editor in 2.12 ms, found 3 plugins.
Preloading 0 native plugins for Editor in 0.00 ms.
Mono: successfully reloaded assembly
- Completed reload, in  7.389 seconds
Domain Reload Profiling:
	ReloadAssembly (7397ms)
		BeginReloadAssembly (199ms)
			ExecutionOrderSort (0ms)
			DisableScriptedObjects (7ms)
			BackupInstance (0ms)
			ReleaseScriptingObjects (0ms)
			CreateAndSetChildDomain (53ms)
		EndReloadAssembly (7045ms)
			LoadAssemblies (148ms)
			RebuildTransferFunctionScriptingTraits (0ms)
			SetupTypeCache (2004ms)
			ReleaseScriptCaches (10ms)
			RebuildScriptCaches (492ms)
			SetupLoadedEditorAssemblies (3517ms)
				LogAssemblyErrors (0ms)
				InitializePlatformSupportModulesInManaged (240ms)
				SetLoadedEditorAssemblies (4ms)
				RefreshPlugins (2ms)
				BeforeProcessingInitializeOnLoad (520ms)
				ProcessInitializeOnLoadAttributes (2406ms)
				ProcessInitializeOnLoadMethodAttributes (263ms)
				AfterProcessingInitializeOnLoad (81ms)
				EditorAssembliesLoaded (1ms)
			ExecutionOrderSort2 (0ms)
			AwakeInstancesAfterBackupRestoration (66ms)
Platform modules already initialized, skipping
Refreshing native plugins compatible for Editor in 5.84 ms, found 3 plugins.
Preloading 0 native plugins for Editor in 0.00 ms.
Unloading 3235 Unused Serialized files (Serialized files now loaded: 0)
Unloading 16 unused Assets / (80.0 KB). Loaded Objects now: 3728.
Memory consumption went from 121.1 MB to 121.0 MB.
Total: 8.303500 ms (FindLiveObjects: 0.978200 ms CreateObjectMapping: 0.601600 ms MarkObjects: 6.362800 ms  DeleteObjects: 0.357900 ms)

AssetImportParameters requested are different than current active one (requested -> active):
  custom:video-decoder-ogg-theora: a1e56fd34408186e4bbccfd4996cb3dc -> 
  custom:container-muxer-webm: aa71ff27fc2769a1b78a27578f13a17b -> 
  custom:container-demuxer-webm: 4f35f7cbe854078d1ac9338744f61a02 -> 
  custom:video-encoder-webm-vp8: eb34c28f22e8b96e1ab97ce403110664 -> 
  custom:video-codec-MediaFoundation-h265: 746d11721c4dcdbdad8f713fa42b33f4 -> 
  custom:audio-encoder-webm-vorbis: bf7c407c2cedff20999df2af8eb42d56 -> 
  custom:framework-win-MediaFoundation: 216162199b28c13a410421893ffa2e32 -> 
  custom:container-demuxer-ogg: 62fdf1f143b41e24485cea50d1cbac27 -> 
  custom:video-decoder-webm-vp8: 9c59270c3fd7afecdb556c50c9e8de78 -> 
  custom:audio-decoder-ogg-vorbis: bf7c407c2cedff20999df2af8eb42d56 -> 
========================================================================
Received Prepare
Registering precompiled user dll's ...
Registered in 0.005480 seconds.
Begin MonoManager ReloadAssembly
Symbol file LoadedFromMemory doesn't match image C:\Users\박규현\Desktop\UnityProject\Hit-And-Run\Library\PackageCache\com.unity.visualscripting@1.7.6\Editor\VisualScripting.Core\Dependencies\YamlDotNet\Unity.VisualScripting.YamlDotNet.dll
Symbol file LoadedFromMemory is not a mono symbol file
Symbol file LoadedFromMemory doesn't match image C:\Users\박규현\Desktop\UnityProject\Hit-And-Run\Library\PackageCache\com.unity.visualscripting@1.7.6\Editor\VisualScripting.Core\Dependencies\DotNetZip\Unity.VisualScripting.IonicZip.dll
Native extension for WindowsStandalone target not found
Native extension for Android target not found
Native extension for WebGL target not found
Refreshing native plugins compatible for Editor in 2.09 ms, found 3 plugins.
Preloading 0 native plugins for Editor in 0.00 ms.
Mono: successfully reloaded assembly
- Completed reload, in  3.353 seconds
Domain Reload Profiling:
	ReloadAssembly (3354ms)
		BeginReloadAssembly (219ms)
			ExecutionOrderSort (0ms)
			DisableScriptedObjects (11ms)
			BackupInstance (0ms)
			ReleaseScriptingObjects (0ms)
			CreateAndSetChildDomain (54ms)
		EndReloadAssembly (2959ms)
			LoadAssemblies (155ms)
			RebuildTransferFunctionScriptingTraits (0ms)
			SetupTypeCache (888ms)
			ReleaseScriptCaches (2ms)
			RebuildScriptCaches (182ms)
			SetupLoadedEditorAssemblies (1296ms)
				LogAssemblyErrors (0ms)
				InitializePlatformSupportModulesInManaged (94ms)
				SetLoadedEditorAssemblies (2ms)
				RefreshPlugins (2ms)
				BeforeProcessingInitializeOnLoad (301ms)
				ProcessInitializeOnLoadAttributes (786ms)
				ProcessInitializeOnLoadMethodAttributes (87ms)
				AfterProcessingInitializeOnLoad (23ms)
				EditorAssembliesLoaded (0ms)
			ExecutionOrderSort2 (0ms)
			AwakeInstancesAfterBackupRestoration (30ms)
Platform modules already initialized, skipping
Refreshing native plugins compatible for Editor in 10.67 ms, found 3 plugins.
Preloading 0 native plugins for Editor in 0.00 ms.
Unloading 3235 Unused Serialized files (Serialized files now loaded: 0)
Unloading 16 unused Assets / (80.1 KB). Loaded Objects now: 3731.
Memory consumption went from 121.1 MB to 121.0 MB.
Total: 9.344500 ms (FindLiveObjects: 0.550300 ms CreateObjectMapping: 1.146500 ms MarkObjects: 7.271600 ms  DeleteObjects: 0.373000 ms)

AssetImportParameters requested are different than current active one (requested -> active):
  custom:video-decoder-ogg-theora: a1e56fd34408186e4bbccfd4996cb3dc -> 
  custom:container-muxer-webm: aa71ff27fc2769a1b78a27578f13a17b -> 
  custom:container-demuxer-webm: 4f35f7cbe854078d1ac9338744f61a02 -> 
  custom:video-encoder-webm-vp8: eb34c28f22e8b96e1ab97ce403110664 -> 
  custom:video-codec-MediaFoundation-h265: 746d11721c4dcdbdad8f713fa42b33f4 -> 
  custom:audio-encoder-webm-vorbis: bf7c407c2cedff20999df2af8eb42d56 -> 
  custom:framework-win-MediaFoundation: 216162199b28c13a410421893ffa2e32 -> 
  custom:container-demuxer-ogg: 62fdf1f143b41e24485cea50d1cbac27 -> 
  custom:video-decoder-webm-vp8: 9c59270c3fd7afecdb556c50c9e8de78 -> 
  custom:audio-decoder-ogg-vorbis: bf7c407c2cedff20999df2af8eb42d56 -> 
========================================================================
Received Prepare
Registering precompiled user dll's ...
Registered in 0.009908 seconds.
Begin MonoManager ReloadAssembly
Symbol file LoadedFromMemory doesn't match image C:\Users\박규현\Desktop\UnityProject\Hit-And-Run\Library\PackageCache\com.unity.visualscripting@1.7.6\Editor\VisualScripting.Core\Dependencies\YamlDotNet\Unity.VisualScripting.YamlDotNet.dll
Symbol file LoadedFromMemory is not a mono symbol file
Symbol file LoadedFromMemory doesn't match image C:\Users\박규현\Desktop\UnityProject\Hit-And-Run\Library\PackageCache\com.unity.visualscripting@1.7.6\Editor\VisualScripting.Core\Dependencies\DotNetZip\Unity.VisualScripting.IonicZip.dll
Native extension for WindowsStandalone target not found
Native extension for Android target not found
Native extension for WebGL target not found
Refreshing native plugins compatible for Editor in 0.62 ms, found 3 plugins.
Preloading 0 native plugins for Editor in 0.00 ms.
Mono: successfully reloaded assembly
- Completed reload, in  1.630 seconds
Domain Reload Profiling:
	ReloadAssembly (1632ms)
		BeginReloadAssembly (211ms)
			ExecutionOrderSort (0ms)
			DisableScriptedObjects (8ms)
			BackupInstance (0ms)
			ReleaseScriptingObjects (0ms)
			CreateAndSetChildDomain (45ms)
		EndReloadAssembly (1098ms)
			LoadAssemblies (273ms)
			RebuildTransferFunctionScriptingTraits (0ms)
			SetupTypeCache (336ms)
			ReleaseScriptCaches (2ms)
			RebuildScriptCaches (56ms)
			SetupLoadedEditorAssemblies (405ms)
				LogAssemblyErrors (0ms)
				InitializePlatformSupportModulesInManaged (32ms)
				SetLoadedEditorAssemblies (1ms)
				RefreshPlugins (1ms)
				BeforeProcessingInitializeOnLoad (88ms)
				ProcessInitializeOnLoadAttributes (246ms)
				ProcessInitializeOnLoadMethodAttributes (30ms)
				AfterProcessingInitializeOnLoad (8ms)
				EditorAssembliesLoaded (0ms)
			ExecutionOrderSort2 (0ms)
			AwakeInstancesAfterBackupRestoration (8ms)
Platform modules already initialized, skipping
Refreshing native plugins compatible for Editor in 3.14 ms, found 3 plugins.
Preloading 0 native plugins for Editor in 0.00 ms.
Unloading 3235 Unused Serialized files (Serialized files now loaded: 0)
Unloading 16 unused Assets / (80.1 KB). Loaded Objects now: 3734.
Memory consumption went from 121.1 MB to 121.0 MB.
Total: 6.059300 ms (FindLiveObjects: 0.504000 ms CreateObjectMapping: 0.422900 ms MarkObjects: 4.935700 ms  DeleteObjects: 0.194200 ms)

AssetImportParameters requested are different than current active one (requested -> active):
  custom:video-decoder-ogg-theora: a1e56fd34408186e4bbccfd4996cb3dc -> 
  custom:container-muxer-webm: aa71ff27fc2769a1b78a27578f13a17b -> 
  custom:container-demuxer-webm: 4f35f7cbe854078d1ac9338744f61a02 -> 
  custom:video-encoder-webm-vp8: eb34c28f22e8b96e1ab97ce403110664 -> 
  custom:video-codec-MediaFoundation-h265: 746d11721c4dcdbdad8f713fa42b33f4 -> 
  custom:audio-encoder-webm-vorbis: bf7c407c2cedff20999df2af8eb42d56 -> 
  custom:framework-win-MediaFoundation: 216162199b28c13a410421893ffa2e32 -> 
  custom:container-demuxer-ogg: 62fdf1f143b41e24485cea50d1cbac27 -> 
  custom:video-decoder-webm-vp8: 9c59270c3fd7afecdb556c50c9e8de78 -> 
  custom:audio-decoder-ogg-vorbis: bf7c407c2cedff20999df2af8eb42d56 -> 
========================================================================
Received Prepare
Registering precompiled user dll's ...
Registered in 0.008093 seconds.
Begin MonoManager ReloadAssembly
Symbol file LoadedFromMemory doesn't match image C:\Users\박규현\Desktop\UnityProject\Hit-And-Run\Library\PackageCache\com.unity.visualscripting@1.7.6\Editor\VisualScripting.Core\Dependencies\YamlDotNet\Unity.VisualScripting.YamlDotNet.dll
Symbol file LoadedFromMemory is not a mono symbol file
Symbol file LoadedFromMemory doesn't match image C:\Users\박규현\Desktop\UnityProject\Hit-And-Run\Library\PackageCache\com.unity.visualscripting@1.7.6\Editor\VisualScripting.Core\Dependencies\DotNetZip\Unity.VisualScripting.IonicZip.dll
Native extension for WindowsStandalone target not found
Native extension for Android target not found
Native extension for WebGL target not found
Refreshing native plugins compatible for Editor in 0.77 ms, found 3 plugins.
Preloading 0 native plugins for Editor in 0.00 ms.
Mono: successfully reloaded assembly
- Completed reload, in  3.073 seconds
Domain Reload Profiling:
	ReloadAssembly (3074ms)
		BeginReloadAssembly (205ms)
			ExecutionOrderSort (0ms)
			DisableScriptedObjects (7ms)
			BackupInstance (0ms)
			ReleaseScriptingObjects (0ms)
			CreateAndSetChildDomain (50ms)
		EndReloadAssembly (2706ms)
			LoadAssemblies (149ms)
			RebuildTransferFunctionScriptingTraits (0ms)
			SetupTypeCache (855ms)
			ReleaseScriptCaches (6ms)
			RebuildScriptCaches (176ms)
			SetupLoadedEditorAssemblies (1244ms)
				LogAssemblyErrors (0ms)
				InitializePlatformSupportModulesInManaged (95ms)
				SetLoadedEditorAssemblies (1ms)
				RefreshPlugins (1ms)
				BeforeProcessingInitializeOnLoad (239ms)
				ProcessInitializeOnLoadAttributes (778ms)
				ProcessInitializeOnLoadMethodAttributes (97ms)
				AfterProcessingInitializeOnLoad (32ms)
				EditorAssembliesLoaded (0ms)
			ExecutionOrderSort2 (0ms)
			AwakeInstancesAfterBackupRestoration (27ms)
Platform modules already initialized, skipping
Refreshing native plugins compatible for Editor in 4.25 ms, found 3 plugins.
Preloading 0 native plugins for Editor in 0.00 ms.
Unloading 3235 Unused Serialized files (Serialized files now loaded: 0)
Unloading 16 unused Assets / (79.9 KB). Loaded Objects now: 3737.
Memory consumption went from 121.1 MB to 121.0 MB.
Total: 11.417100 ms (FindLiveObjects: 0.485100 ms CreateObjectMapping: 0.369100 ms MarkObjects: 10.177300 ms  DeleteObjects: 0.382400 ms)

AssetImportParameters requested are different than current active one (requested -> active):
  custom:video-decoder-ogg-theora: a1e56fd34408186e4bbccfd4996cb3dc -> 
  custom:container-muxer-webm: aa71ff27fc2769a1b78a27578f13a17b -> 
  custom:container-demuxer-webm: 4f35f7cbe854078d1ac9338744f61a02 -> 
  custom:video-encoder-webm-vp8: eb34c28f22e8b96e1ab97ce403110664 -> 
  custom:video-codec-MediaFoundation-h265: 746d11721c4dcdbdad8f713fa42b33f4 -> 
  custom:audio-encoder-webm-vorbis: bf7c407c2cedff20999df2af8eb42d56 -> 
  custom:framework-win-MediaFoundation: 216162199b28c13a410421893ffa2e32 -> 
  custom:container-demuxer-ogg: 62fdf1f143b41e24485cea50d1cbac27 -> 
  custom:video-decoder-webm-vp8: 9c59270c3fd7afecdb556c50c9e8de78 -> 
  custom:audio-decoder-ogg-vorbis: bf7c407c2cedff20999df2af8eb42d56 -> 
========================================================================
Received Prepare
Registering precompiled user dll's ...
Registered in 0.009513 seconds.
Begin MonoManager ReloadAssembly
Symbol file LoadedFromMemory doesn't match image C:\Users\박규현\Desktop\UnityProject\Hit-And-Run\Library\PackageCache\com.unity.visualscripting@1.7.6\Editor\VisualScripting.Core\Dependencies\YamlDotNet\Unity.VisualScripting.YamlDotNet.dll
Symbol file LoadedFromMemory is not a mono symbol file
Symbol file LoadedFromMemory doesn't match image C:\Users\박규현\Desktop\UnityProject\Hit-And-Run\Library\PackageCache\com.unity.visualscripting@1.7.6\Editor\VisualScripting.Core\Dependencies\DotNetZip\Unity.VisualScripting.IonicZip.dll
Native extension for WindowsStandalone target not found
Native extension for Android target not found
Native extension for WebGL target not found
Refreshing native plugins compatible for Editor in 1.66 ms, found 3 plugins.
Preloading 0 native plugins for Editor in 0.00 ms.
Mono: successfully reloaded assembly
- Completed reload, in  5.647 seconds
Domain Reload Profiling:
	ReloadAssembly (5649ms)
		BeginReloadAssembly (309ms)
			ExecutionOrderSort (0ms)
			DisableScriptedObjects (28ms)
			BackupInstance (0ms)
			ReleaseScriptingObjects (0ms)
			CreateAndSetChildDomain (66ms)
		EndReloadAssembly (4929ms)
			LoadAssemblies (342ms)
			RebuildTransferFunctionScriptingTraits (0ms)
			SetupTypeCache (1591ms)
			ReleaseScriptCaches (3ms)
			RebuildScriptCaches (287ms)
			SetupLoadedEditorAssemblies (2098ms)
				LogAssemblyErrors (0ms)
				InitializePlatformSupportModulesInManaged (160ms)
				SetLoadedEditorAssemblies (2ms)
				RefreshPlugins (2ms)
				BeforeProcessingInitializeOnLoad (433ms)
				ProcessInitializeOnLoadAttributes (1313ms)
				ProcessInitializeOnLoadMethodAttributes (140ms)
				AfterProcessingInitializeOnLoad (47ms)
				EditorAssembliesLoaded (0ms)
			ExecutionOrderSort2 (0ms)
			AwakeInstancesAfterBackupRestoration (32ms)
Platform modules already initialized, skipping
Refreshing native plugins compatible for Editor in 7.05 ms, found 3 plugins.
Preloading 0 native plugins for Editor in 0.00 ms.
Unloading 3235 Unused Serialized files (Serialized files now loaded: 0)
Unloading 16 unused Assets / (80.1 KB). Loaded Objects now: 3740.
Memory consumption went from 121.1 MB to 121.1 MB.
Total: 12.329800 ms (FindLiveObjects: 1.355500 ms CreateObjectMapping: 3.904500 ms MarkObjects: 6.869800 ms  DeleteObjects: 0.196700 ms)

AssetImportParameters requested are different than current active one (requested -> active):
  custom:video-decoder-ogg-theora: a1e56fd34408186e4bbccfd4996cb3dc -> 
  custom:container-muxer-webm: aa71ff27fc2769a1b78a27578f13a17b -> 
  custom:container-demuxer-webm: 4f35f7cbe854078d1ac9338744f61a02 -> 
  custom:video-encoder-webm-vp8: eb34c28f22e8b96e1ab97ce403110664 -> 
  custom:video-codec-MediaFoundation-h265: 746d11721c4dcdbdad8f713fa42b33f4 -> 
  custom:audio-encoder-webm-vorbis: bf7c407c2cedff20999df2af8eb42d56 -> 
  custom:framework-win-MediaFoundation: 216162199b28c13a410421893ffa2e32 -> 
  custom:container-demuxer-ogg: 62fdf1f143b41e24485cea50d1cbac27 -> 
  custom:video-decoder-webm-vp8: 9c59270c3fd7afecdb556c50c9e8de78 -> 
  custom:audio-decoder-ogg-vorbis: bf7c407c2cedff20999df2af8eb42d56 -> 
========================================================================
Received Import Request.
  Time since last request: 784.574855 seconds.
  path: Assets/Player/PlayerAnimator.controller
  artifactKey: Guid(9743c3db528548c47a2118ca171adbd5) Importer(815301076,1909f56bfc062723c751e8b465ee728b)
Start importing Assets/Player/PlayerAnimator.controller using Guid(9743c3db528548c47a2118ca171adbd5) Importer(815301076,1909f56bfc062723c751e8b465ee728b)  -> (artifact id: '6e0bddd7cac7d8e63cff2bea6e69dc71') in 0.137053 seconds 
========================================================================
Received Prepare
Registering precompiled user dll's ...
Registered in 0.006556 seconds.
Begin MonoManager ReloadAssembly
Symbol file LoadedFromMemory doesn't match image C:\Users\박규현\Desktop\UnityProject\Hit-And-Run\Library\PackageCache\com.unity.visualscripting@1.7.6\Editor\VisualScripting.Core\Dependencies\YamlDotNet\Unity.VisualScripting.YamlDotNet.dll
Symbol file LoadedFromMemory is not a mono symbol file
Symbol file LoadedFromMemory doesn't match image C:\Users\박규현\Desktop\UnityProject\Hit-And-Run\Library\PackageCache\com.unity.visualscripting@1.7.6\Editor\VisualScripting.Core\Dependencies\DotNetZip\Unity.VisualScripting.IonicZip.dll
Native extension for WindowsStandalone target not found
Native extension for Android target not found
Native extension for WebGL target not found
Refreshing native plugins compatible for Editor in 1.84 ms, found 3 plugins.
Preloading 0 native plugins for Editor in 0.00 ms.
Mono: successfully reloaded assembly
- Completed reload, in  3.910 seconds
Domain Reload Profiling:
	ReloadAssembly (3911ms)
		BeginReloadAssembly (528ms)
			ExecutionOrderSort (0ms)
			DisableScriptedObjects (28ms)
			BackupInstance (0ms)
			ReleaseScriptingObjects (0ms)
			CreateAndSetChildDomain (120ms)
		EndReloadAssembly (2948ms)
			LoadAssemblies (397ms)
			RebuildTransferFunctionScriptingTraits (0ms)
			SetupTypeCache (1104ms)
			ReleaseScriptCaches (5ms)
			RebuildScriptCaches (179ms)
			SetupLoadedEditorAssemblies (1170ms)
				LogAssemblyErrors (0ms)
				InitializePlatformSupportModulesInManaged (107ms)
				SetLoadedEditorAssemblies (2ms)
				RefreshPlugins (2ms)
				BeforeProcessingInitializeOnLoad (260ms)
				ProcessInitializeOnLoadAttributes (739ms)
				ProcessInitializeOnLoadMethodAttributes (47ms)
				AfterProcessingInitializeOnLoad (12ms)
				EditorAssembliesLoaded (0ms)
			ExecutionOrderSort2 (0ms)
			AwakeInstancesAfterBackupRestoration (12ms)
Platform modules already initialized, skipping
Refreshing native plugins compatible for Editor in 4.16 ms, found 3 plugins.
Preloading 0 native plugins for Editor in 0.00 ms.
Unloading 3235 Unused Serialized files (Serialized files now loaded: 0)
Unloading 16 unused Assets / (80.1 KB). Loaded Objects now: 3743.
Memory consumption went from 121.1 MB to 121.1 MB.
Total: 3.352300 ms (FindLiveObjects: 0.284700 ms CreateObjectMapping: 0.186600 ms MarkObjects: 2.772800 ms  DeleteObjects: 0.106200 ms)

AssetImportParameters requested are different than current active one (requested -> active):
  custom:video-decoder-ogg-theora: a1e56fd34408186e4bbccfd4996cb3dc -> 
  custom:container-muxer-webm: aa71ff27fc2769a1b78a27578f13a17b -> 
  custom:container-demuxer-webm: 4f35f7cbe854078d1ac9338744f61a02 -> 
  custom:video-encoder-webm-vp8: eb34c28f22e8b96e1ab97ce403110664 -> 
  custom:video-codec-MediaFoundation-h265: 746d11721c4dcdbdad8f713fa42b33f4 -> 
  custom:audio-encoder-webm-vorbis: bf7c407c2cedff20999df2af8eb42d56 -> 
  custom:framework-win-MediaFoundation: 216162199b28c13a410421893ffa2e32 -> 
  custom:container-demuxer-ogg: 62fdf1f143b41e24485cea50d1cbac27 -> 
  custom:video-decoder-webm-vp8: 9c59270c3fd7afecdb556c50c9e8de78 -> 
  custom:audio-decoder-ogg-vorbis: bf7c407c2cedff20999df2af8eb42d56 -> 
========================================================================
Received Prepare
Registering precompiled user dll's ...
Registered in 0.005943 seconds.
Begin MonoManager ReloadAssembly
Symbol file LoadedFromMemory doesn't match image C:\Users\박규현\Desktop\UnityProject\Hit-And-Run\Library\PackageCache\com.unity.visualscripting@1.7.6\Editor\VisualScripting.Core\Dependencies\YamlDotNet\Unity.VisualScripting.YamlDotNet.dll
Symbol file LoadedFromMemory is not a mono symbol file
Symbol file LoadedFromMemory doesn't match image C:\Users\박규현\Desktop\UnityProject\Hit-And-Run\Library\PackageCache\com.unity.visualscripting@1.7.6\Editor\VisualScripting.Core\Dependencies\DotNetZip\Unity.VisualScripting.IonicZip.dll
Native extension for WindowsStandalone target not found
Native extension for Android target not found
Native extension for WebGL target not found
Refreshing native plugins compatible for Editor in 0.63 ms, found 3 plugins.
Preloading 0 native plugins for Editor in 0.00 ms.
Mono: successfully reloaded assembly
- Completed reload, in  1.281 seconds
Domain Reload Profiling:
	ReloadAssembly (1282ms)
		BeginReloadAssembly (172ms)
			ExecutionOrderSort (0ms)
			DisableScriptedObjects (9ms)
			BackupInstance (0ms)
			ReleaseScriptingObjects (0ms)
			CreateAndSetChildDomain (39ms)
		EndReloadAssembly (976ms)
			LoadAssemblies (121ms)
			RebuildTransferFunctionScriptingTraits (0ms)
			SetupTypeCache (343ms)
			ReleaseScriptCaches (1ms)
			RebuildScriptCaches (55ms)
			SetupLoadedEditorAssemblies (402ms)
				LogAssemblyErrors (0ms)
				InitializePlatformSupportModulesInManaged (31ms)
				SetLoadedEditorAssemblies (1ms)
				RefreshPlugins (1ms)
				BeforeProcessingInitializeOnLoad (84ms)
				ProcessInitializeOnLoadAttributes (248ms)
				ProcessInitializeOnLoadMethodAttributes (29ms)
				AfterProcessingInitializeOnLoad (8ms)
				EditorAssembliesLoaded (0ms)
			ExecutionOrderSort2 (0ms)
			AwakeInstancesAfterBackupRestoration (8ms)
Platform modules already initialized, skipping
Refreshing native plugins compatible for Editor in 3.34 ms, found 3 plugins.
Preloading 0 native plugins for Editor in 0.00 ms.
Unloading 3235 Unused Serialized files (Serialized files now loaded: 0)
Unloading 16 unused Assets / (80.1 KB). Loaded Objects now: 3746.
Memory consumption went from 121.1 MB to 121.1 MB.
Total: 6.787200 ms (FindLiveObjects: 0.376900 ms CreateObjectMapping: 0.341300 ms MarkObjects: 5.898100 ms  DeleteObjects: 0.168700 ms)

AssetImportParameters requested are different than current active one (requested -> active):
  custom:video-decoder-ogg-theora: a1e56fd34408186e4bbccfd4996cb3dc -> 
  custom:container-muxer-webm: aa71ff27fc2769a1b78a27578f13a17b -> 
  custom:container-demuxer-webm: 4f35f7cbe854078d1ac9338744f61a02 -> 
  custom:video-encoder-webm-vp8: eb34c28f22e8b96e1ab97ce403110664 -> 
  custom:video-codec-MediaFoundation-h265: 746d11721c4dcdbdad8f713fa42b33f4 -> 
  custom:audio-encoder-webm-vorbis: bf7c407c2cedff20999df2af8eb42d56 -> 
  custom:framework-win-MediaFoundation: 216162199b28c13a410421893ffa2e32 -> 
  custom:container-demuxer-ogg: 62fdf1f143b41e24485cea50d1cbac27 -> 
  custom:video-decoder-webm-vp8: 9c59270c3fd7afecdb556c50c9e8de78 -> 
  custom:audio-decoder-ogg-vorbis: bf7c407c2cedff20999df2af8eb42d56 -> 
========================================================================
Received Import Request.
  Time since last request: 733.471408 seconds.
  path: Assets/HitModeSystem
  artifactKey: Guid(b853916f9c6930f4b915161ecd0970fd) Importer(815301076,1909f56bfc062723c751e8b465ee728b)
Start importing Assets/HitModeSystem using Guid(b853916f9c6930f4b915161ecd0970fd) Importer(815301076,1909f56bfc062723c751e8b465ee728b)  -> (artifact id: 'ad4343fde1d1243a1b8b3e96a84499ab') in 0.046015 seconds 
========================================================================
Received Import Request.
  Time since last request: 10.198200 seconds.
  path: Assets/Player/Scripts
  artifactKey: Guid(74bcccfc77c78ff4f9d7b92b09b065e6) Importer(815301076,1909f56bfc062723c751e8b465ee728b)
Start importing Assets/Player/Scripts using Guid(74bcccfc77c78ff4f9d7b92b09b065e6) Importer(815301076,1909f56bfc062723c751e8b465ee728b)  -> (artifact id: 'c40db351dd39d7293e672e6986963db5') in 0.017589 seconds 
========================================================================
Received Import Request.
  Time since last request: 5.234103 seconds.
  path: Assets/PlayerMovement.cs
  artifactKey: Guid(c3c6884b343294441beb08965ee4ea18) Importer(815301076,1909f56bfc062723c751e8b465ee728b)
Start importing Assets/PlayerMovement.cs using Guid(c3c6884b343294441beb08965ee4ea18) Importer(815301076,1909f56bfc062723c751e8b465ee728b)  -> (artifact id: '46b8cb7b8a94a5ed6f808a3313b05e76') in 0.026447 seconds 
========================================================================
Received Import Request.
  Time since last request: 47.486569 seconds.
  path: Assets/PlayerMovement.cs
  artifactKey: Guid(051148d144b5395409c4de1bc3603e48) Importer(815301076,1909f56bfc062723c751e8b465ee728b)
Start importing Assets/PlayerMovement.cs using Guid(051148d144b5395409c4de1bc3603e48) Importer(815301076,1909f56bfc062723c751e8b465ee728b)  -> (artifact id: '01a65f38a3aa768b93e7dc456c8acc68') in 0.004388 seconds 
========================================================================
Received Import Request.
  Time since last request: 25.429389 seconds.
  path: Assets/HitModeSystem/HitModeSystem.cs
  artifactKey: Guid(4d33ccfd14a18874fb968c266a57682b) Importer(815301076,1909f56bfc062723c751e8b465ee728b)
Start importing Assets/HitModeSystem/HitModeSystem.cs using Guid(4d33ccfd14a18874fb968c266a57682b) Importer(815301076,1909f56bfc062723c751e8b465ee728b)  -> (artifact id: '2b9c66343a2ce4c4c9aa773407e34a2c') in 0.022604 seconds 
========================================================================
Received Prepare
Registering precompiled user dll's ...
Registered in 0.007880 seconds.
Begin MonoManager ReloadAssembly
Symbol file LoadedFromMemory doesn't match image C:\Users\박규현\Desktop\UnityProject\Hit-And-Run\Library\PackageCache\com.unity.visualscripting@1.7.6\Editor\VisualScripting.Core\Dependencies\YamlDotNet\Unity.VisualScripting.YamlDotNet.dll
Symbol file LoadedFromMemory is not a mono symbol file
Symbol file LoadedFromMemory doesn't match image C:\Users\박규현\Desktop\UnityProject\Hit-And-Run\Library\PackageCache\com.unity.visualscripting@1.7.6\Editor\VisualScripting.Core\Dependencies\DotNetZip\Unity.VisualScripting.IonicZip.dll
Native extension for WindowsStandalone target not found
Native extension for Android target not found
Native extension for WebGL target not found
Refreshing native plugins compatible for Editor in 0.90 ms, found 3 plugins.
Preloading 0 native plugins for Editor in 0.00 ms.
Mono: successfully reloaded assembly
- Completed reload, in  1.342 seconds
Domain Reload Profiling:
	ReloadAssembly (1343ms)
		BeginReloadAssembly (209ms)
			ExecutionOrderSort (0ms)
			DisableScriptedObjects (8ms)
			BackupInstance (0ms)
			ReleaseScriptingObjects (0ms)
			CreateAndSetChildDomain (52ms)
		EndReloadAssembly (1000ms)
			LoadAssemblies (154ms)
			RebuildTransferFunctionScriptingTraits (0ms)
			SetupTypeCache (340ms)
			ReleaseScriptCaches (2ms)
			RebuildScriptCaches (54ms)
			SetupLoadedEditorAssemblies (410ms)
				LogAssemblyErrors (0ms)
				InitializePlatformSupportModulesInManaged (33ms)
				SetLoadedEditorAssemblies (1ms)
				RefreshPlugins (1ms)
				BeforeProcessingInitializeOnLoad (84ms)
				ProcessInitializeOnLoadAttributes (252ms)
				ProcessInitializeOnLoadMethodAttributes (32ms)
				AfterProcessingInitializeOnLoad (9ms)
				EditorAssembliesLoaded (0ms)
			ExecutionOrderSort2 (0ms)
			AwakeInstancesAfterBackupRestoration (8ms)
Platform modules already initialized, skipping
Refreshing native plugins compatible for Editor in 3.41 ms, found 3 plugins.
Preloading 0 native plugins for Editor in 0.00 ms.
Unloading 3236 Unused Serialized files (Serialized files now loaded: 0)
Unloading 16 unused Assets / (80.1 KB). Loaded Objects now: 3750.
Memory consumption went from 121.2 MB to 121.1 MB.
Total: 5.394800 ms (FindLiveObjects: 0.396500 ms CreateObjectMapping: 0.344800 ms MarkObjects: 4.489300 ms  DeleteObjects: 0.160800 ms)

AssetImportParameters requested are different than current active one (requested -> active):
  custom:video-decoder-ogg-theora: a1e56fd34408186e4bbccfd4996cb3dc -> 
  custom:container-muxer-webm: aa71ff27fc2769a1b78a27578f13a17b -> 
  custom:container-demuxer-webm: 4f35f7cbe854078d1ac9338744f61a02 -> 
  custom:video-encoder-webm-vp8: eb34c28f22e8b96e1ab97ce403110664 -> 
  custom:video-codec-MediaFoundation-h265: 746d11721c4dcdbdad8f713fa42b33f4 -> 
  custom:audio-encoder-webm-vorbis: bf7c407c2cedff20999df2af8eb42d56 -> 
  custom:framework-win-MediaFoundation: 216162199b28c13a410421893ffa2e32 -> 
  custom:container-demuxer-ogg: 62fdf1f143b41e24485cea50d1cbac27 -> 
  custom:video-decoder-webm-vp8: 9c59270c3fd7afecdb556c50c9e8de78 -> 
  custom:audio-decoder-ogg-vorbis: bf7c407c2cedff20999df2af8eb42d56 -> 
========================================================================
Received Import Request.
  Time since last request: 397.284561 seconds.
  path: Assets/HitModeSystem/HitModeSystem.cs
  artifactKey: Guid(4d33ccfd14a18874fb968c266a57682b) Importer(815301076,1909f56bfc062723c751e8b465ee728b)
Start importing Assets/HitModeSystem/HitModeSystem.cs using Guid(4d33ccfd14a18874fb968c266a57682b) Importer(815301076,1909f56bfc062723c751e8b465ee728b)  -> (artifact id: '9c08e8695f80fce4885e2d03804ee282') in 0.011959 seconds 
========================================================================
Received Prepare
Registering precompiled user dll's ...
Registered in 0.005116 seconds.
Begin MonoManager ReloadAssembly
Symbol file LoadedFromMemory doesn't match image C:\Users\박규현\Desktop\UnityProject\Hit-And-Run\Library\PackageCache\com.unity.visualscripting@1.7.6\Editor\VisualScripting.Core\Dependencies\YamlDotNet\Unity.VisualScripting.YamlDotNet.dll
Symbol file LoadedFromMemory is not a mono symbol file
Symbol file LoadedFromMemory doesn't match image C:\Users\박규현\Desktop\UnityProject\Hit-And-Run\Library\PackageCache\com.unity.visualscripting@1.7.6\Editor\VisualScripting.Core\Dependencies\DotNetZip\Unity.VisualScripting.IonicZip.dll
Native extension for WindowsStandalone target not found
Native extension for Android target not found
Native extension for WebGL target not found
Refreshing native plugins compatible for Editor in 0.63 ms, found 3 plugins.
Preloading 0 native plugins for Editor in 0.00 ms.
Mono: successfully reloaded assembly
- Completed reload, in  1.510 seconds
Domain Reload Profiling:
	ReloadAssembly (1511ms)
		BeginReloadAssembly (204ms)
			ExecutionOrderSort (0ms)
			DisableScriptedObjects (10ms)
			BackupInstance (0ms)
			ReleaseScriptingObjects (0ms)
			CreateAndSetChildDomain (51ms)
		EndReloadAssembly (1142ms)
			LoadAssemblies (169ms)
			RebuildTransferFunctionScriptingTraits (0ms)
			SetupTypeCache (499ms)
			ReleaseScriptCaches (1ms)
			RebuildScriptCaches (57ms)
			SetupLoadedEditorAssemblies (387ms)
				LogAssemblyErrors (0ms)
				InitializePlatformSupportModulesInManaged (31ms)
				SetLoadedEditorAssemblies (1ms)
				RefreshPlugins (1ms)
				BeforeProcessingInitializeOnLoad (81ms)
				ProcessInitializeOnLoadAttributes (238ms)
				ProcessInitializeOnLoadMethodAttributes (28ms)
				AfterProcessingInitializeOnLoad (8ms)
				EditorAssembliesLoaded (0ms)
			ExecutionOrderSort2 (0ms)
			AwakeInstancesAfterBackupRestoration (8ms)
Platform modules already initialized, skipping
Refreshing native plugins compatible for Editor in 3.09 ms, found 3 plugins.
Preloading 0 native plugins for Editor in 0.00 ms.
Unloading 3236 Unused Serialized files (Serialized files now loaded: 0)
Unloading 16 unused Assets / (80.1 KB). Loaded Objects now: 3753.
Memory consumption went from 121.2 MB to 121.1 MB.
Total: 6.199500 ms (FindLiveObjects: 1.439000 ms CreateObjectMapping: 0.374100 ms MarkObjects: 4.236000 ms  DeleteObjects: 0.148000 ms)

AssetImportParameters requested are different than current active one (requested -> active):
  custom:video-decoder-ogg-theora: a1e56fd34408186e4bbccfd4996cb3dc -> 
  custom:container-muxer-webm: aa71ff27fc2769a1b78a27578f13a17b -> 
  custom:container-demuxer-webm: 4f35f7cbe854078d1ac9338744f61a02 -> 
  custom:video-encoder-webm-vp8: eb34c28f22e8b96e1ab97ce403110664 -> 
  custom:video-codec-MediaFoundation-h265: 746d11721c4dcdbdad8f713fa42b33f4 -> 
  custom:audio-encoder-webm-vorbis: bf7c407c2cedff20999df2af8eb42d56 -> 
  custom:framework-win-MediaFoundation: 216162199b28c13a410421893ffa2e32 -> 
  custom:container-demuxer-ogg: 62fdf1f143b41e24485cea50d1cbac27 -> 
  custom:video-decoder-webm-vp8: 9c59270c3fd7afecdb556c50c9e8de78 -> 
  custom:audio-decoder-ogg-vorbis: bf7c407c2cedff20999df2af8eb42d56 -> 
========================================================================
Received Import Request.
  Time since last request: 59.835124 seconds.
  path: Assets/HitModeSystem/HitModeSystem.cs
  artifactKey: Guid(4d33ccfd14a18874fb968c266a57682b) Importer(815301076,1909f56bfc062723c751e8b465ee728b)
Start importing Assets/HitModeSystem/HitModeSystem.cs using Guid(4d33ccfd14a18874fb968c266a57682b) Importer(815301076,1909f56bfc062723c751e8b465ee728b)  -> (artifact id: '168e5a120d1cef2558c7a8d7416c5444') in 0.009787 seconds 
========================================================================
Received Import Request.
  Time since last request: 4.964020 seconds.
  path: Assets/HitModeSystem/HitModeSystem.cs
  artifactKey: Guid(4d33ccfd14a18874fb968c266a57682b) Importer(815301076,1909f56bfc062723c751e8b465ee728b)
Start importing Assets/HitModeSystem/HitModeSystem.cs using Guid(4d33ccfd14a18874fb968c266a57682b) Importer(815301076,1909f56bfc062723c751e8b465ee728b)  -> (artifact id: '86bfd3f08624d485aee3370b1b97de50') in 0.004499 seconds 
========================================================================
Received Import Request.
  Time since last request: 149.568654 seconds.
  path: Assets/HitModeSystem/HitModeSystem.cs
  artifactKey: Guid(4d33ccfd14a18874fb968c266a57682b) Importer(815301076,1909f56bfc062723c751e8b465ee728b)
Start importing Assets/HitModeSystem/HitModeSystem.cs using Guid(4d33ccfd14a18874fb968c266a57682b) Importer(815301076,1909f56bfc062723c751e8b465ee728b)  -> (artifact id: '097719dfd14580f13462a8845f9350d0') in 0.006339 seconds 
========================================================================
Received Import Request.
  Time since last request: 2.438616 seconds.
  path: Assets/HitModeSystem/HitModeSystem.cs
  artifactKey: Guid(4d33ccfd14a18874fb968c266a57682b) Importer(815301076,1909f56bfc062723c751e8b465ee728b)
Start importing Assets/HitModeSystem/HitModeSystem.cs using Guid(4d33ccfd14a18874fb968c266a57682b) Importer(815301076,1909f56bfc062723c751e8b465ee728b)  -> (artifact id: '392a7919b840d2ab6ad934cb5b657895') in 0.007121 seconds 
========================================================================
Received Import Request.
  Time since last request: 47.132762 seconds.
  path: Assets/HitModeSystem/HitModeSystem.cs
  artifactKey: Guid(4d33ccfd14a18874fb968c266a57682b) Importer(815301076,1909f56bfc062723c751e8b465ee728b)
Start importing Assets/HitModeSystem/HitModeSystem.cs using Guid(4d33ccfd14a18874fb968c266a57682b) Importer(815301076,1909f56bfc062723c751e8b465ee728b)  -> (artifact id: '4802ed6cafff2f7731cabc6f91ed8aad') in 0.006047 seconds 
========================================================================
Received Prepare
Registering precompiled user dll's ...
Registered in 0.006198 seconds.
Begin MonoManager ReloadAssembly
Symbol file LoadedFromMemory doesn't match image C:\Users\박규현\Desktop\UnityProject\Hit-And-Run\Library\PackageCache\com.unity.visualscripting@1.7.6\Editor\VisualScripting.Core\Dependencies\YamlDotNet\Unity.VisualScripting.YamlDotNet.dll
Symbol file LoadedFromMemory is not a mono symbol file
Symbol file LoadedFromMemory doesn't match image C:\Users\박규현\Desktop\UnityProject\Hit-And-Run\Library\PackageCache\com.unity.visualscripting@1.7.6\Editor\VisualScripting.Core\Dependencies\DotNetZip\Unity.VisualScripting.IonicZip.dll
Native extension for WindowsStandalone target not found
Native extension for Android target not found
Native extension for WebGL target not found
Refreshing native plugins compatible for Editor in 0.73 ms, found 3 plugins.
Preloading 0 native plugins for Editor in 0.00 ms.
Mono: successfully reloaded assembly
- Completed reload, in  1.808 seconds
Domain Reload Profiling:
	ReloadAssembly (1809ms)
		BeginReloadAssembly (217ms)
			ExecutionOrderSort (0ms)
			DisableScriptedObjects (9ms)
			BackupInstance (0ms)
			ReleaseScriptingObjects (0ms)
			CreateAndSetChildDomain (56ms)
		EndReloadAssembly (1151ms)
			LoadAssemblies (163ms)
			RebuildTransferFunctionScriptingTraits (0ms)
			SetupTypeCache (326ms)
			ReleaseScriptCaches (1ms)
			RebuildScriptCaches (60ms)
			SetupLoadedEditorAssemblies (568ms)
				LogAssemblyErrors (0ms)
				InitializePlatformSupportModulesInManaged (32ms)
				SetLoadedEditorAssemblies (1ms)
				RefreshPlugins (1ms)
				BeforeProcessingInitializeOnLoad (92ms)
				ProcessInitializeOnLoadAttributes (380ms)
				ProcessInitializeOnLoadMethodAttributes (47ms)
				AfterProcessingInitializeOnLoad (15ms)
				EditorAssembliesLoaded (0ms)
			ExecutionOrderSort2 (0ms)
			AwakeInstancesAfterBackupRestoration (13ms)
Platform modules already initialized, skipping
Refreshing native plugins compatible for Editor in 3.39 ms, found 3 plugins.
Preloading 0 native plugins for Editor in 0.00 ms.
Unloading 3236 Unused Serialized files (Serialized files now loaded: 0)
Unloading 16 unused Assets / (80.0 KB). Loaded Objects now: 3756.
Memory consumption went from 121.2 MB to 121.1 MB.
Total: 6.419200 ms (FindLiveObjects: 0.443200 ms CreateObjectMapping: 0.418400 ms MarkObjects: 5.415500 ms  DeleteObjects: 0.140200 ms)

AssetImportParameters requested are different than current active one (requested -> active):
  custom:video-decoder-ogg-theora: a1e56fd34408186e4bbccfd4996cb3dc -> 
  custom:container-muxer-webm: aa71ff27fc2769a1b78a27578f13a17b -> 
  custom:container-demuxer-webm: 4f35f7cbe854078d1ac9338744f61a02 -> 
  custom:video-encoder-webm-vp8: eb34c28f22e8b96e1ab97ce403110664 -> 
  custom:video-codec-MediaFoundation-h265: 746d11721c4dcdbdad8f713fa42b33f4 -> 
  custom:audio-encoder-webm-vorbis: bf7c407c2cedff20999df2af8eb42d56 -> 
  custom:framework-win-MediaFoundation: 216162199b28c13a410421893ffa2e32 -> 
  custom:container-demuxer-ogg: 62fdf1f143b41e24485cea50d1cbac27 -> 
  custom:video-decoder-webm-vp8: 9c59270c3fd7afecdb556c50c9e8de78 -> 
  custom:audio-decoder-ogg-vorbis: bf7c407c2cedff20999df2af8eb42d56 -> 
========================================================================
Received Import Request.
  Time since last request: 10.447608 seconds.
  path: Assets/HitModeSystem/HitModeSystem.cs
  artifactKey: Guid(4d33ccfd14a18874fb968c266a57682b) Importer(815301076,1909f56bfc062723c751e8b465ee728b)
Start importing Assets/HitModeSystem/HitModeSystem.cs using Guid(4d33ccfd14a18874fb968c266a57682b) Importer(815301076,1909f56bfc062723c751e8b465ee728b)  -> (artifact id: '78a40002d299df902357d6b2bfc7b83d') in 0.013012 seconds 
========================================================================
Received Prepare
Registering precompiled user dll's ...
Registered in 0.007977 seconds.
Begin MonoManager ReloadAssembly
Symbol file LoadedFromMemory doesn't match image C:\Users\박규현\Desktop\UnityProject\Hit-And-Run\Library\PackageCache\com.unity.visualscripting@1.7.6\Editor\VisualScripting.Core\Dependencies\YamlDotNet\Unity.VisualScripting.YamlDotNet.dll
Symbol file LoadedFromMemory is not a mono symbol file
Symbol file LoadedFromMemory doesn't match image C:\Users\박규현\Desktop\UnityProject\Hit-And-Run\Library\PackageCache\com.unity.visualscripting@1.7.6\Editor\VisualScripting.Core\Dependencies\DotNetZip\Unity.VisualScripting.IonicZip.dll
Native extension for WindowsStandalone target not found
Native extension for Android target not found
Native extension for WebGL target not found
Refreshing native plugins compatible for Editor in 0.65 ms, found 3 plugins.
Preloading 0 native plugins for Editor in 0.00 ms.
Mono: successfully reloaded assembly
- Completed reload, in  1.619 seconds
Domain Reload Profiling:
	ReloadAssembly (1620ms)
		BeginReloadAssembly (197ms)
			ExecutionOrderSort (0ms)
			DisableScriptedObjects (12ms)
			BackupInstance (0ms)
			ReleaseScriptingObjects (0ms)
			CreateAndSetChildDomain (50ms)
		EndReloadAssembly (1246ms)
			LoadAssemblies (182ms)
			RebuildTransferFunctionScriptingTraits (0ms)
			SetupTypeCache (560ms)
			ReleaseScriptCaches (1ms)
			RebuildScriptCaches (61ms)
			SetupLoadedEditorAssemblies (405ms)
				LogAssemblyErrors (0ms)
				InitializePlatformSupportModulesInManaged (31ms)
				SetLoadedEditorAssemblies (1ms)
				RefreshPlugins (1ms)
				BeforeProcessingInitializeOnLoad (86ms)
				ProcessInitializeOnLoadAttributes (251ms)
				ProcessInitializeOnLoadMethodAttributes (28ms)
				AfterProcessingInitializeOnLoad (8ms)
				EditorAssembliesLoaded (0ms)
			ExecutionOrderSort2 (0ms)
			AwakeInstancesAfterBackupRestoration (9ms)
Platform modules already initialized, skipping
Refreshing native plugins compatible for Editor in 3.13 ms, found 3 plugins.
Preloading 0 native plugins for Editor in 0.00 ms.
Unloading 3236 Unused Serialized files (Serialized files now loaded: 0)
Unloading 16 unused Assets / (80.1 KB). Loaded Objects now: 3759.
Memory consumption went from 121.2 MB to 121.1 MB.
Total: 8.230200 ms (FindLiveObjects: 0.650200 ms CreateObjectMapping: 0.703700 ms MarkObjects: 6.548200 ms  DeleteObjects: 0.326200 ms)

AssetImportParameters requested are different than current active one (requested -> active):
  custom:video-decoder-ogg-theora: a1e56fd34408186e4bbccfd4996cb3dc -> 
  custom:container-muxer-webm: aa71ff27fc2769a1b78a27578f13a17b -> 
  custom:container-demuxer-webm: 4f35f7cbe854078d1ac9338744f61a02 -> 
  custom:video-encoder-webm-vp8: eb34c28f22e8b96e1ab97ce403110664 -> 
  custom:video-codec-MediaFoundation-h265: 746d11721c4dcdbdad8f713fa42b33f4 -> 
  custom:audio-encoder-webm-vorbis: bf7c407c2cedff20999df2af8eb42d56 -> 
  custom:framework-win-MediaFoundation: 216162199b28c13a410421893ffa2e32 -> 
  custom:container-demuxer-ogg: 62fdf1f143b41e24485cea50d1cbac27 -> 
  custom:video-decoder-webm-vp8: 9c59270c3fd7afecdb556c50c9e8de78 -> 
  custom:audio-decoder-ogg-vorbis: bf7c407c2cedff20999df2af8eb42d56 -> 
========================================================================
Received Import Request.
  Time since last request: 17.005689 seconds.
  path: Assets/HitModeSystem/HitModeSystem.cs
  artifactKey: Guid(4d33ccfd14a18874fb968c266a57682b) Importer(815301076,1909f56bfc062723c751e8b465ee728b)
Start importing Assets/HitModeSystem/HitModeSystem.cs using Guid(4d33ccfd14a18874fb968c266a57682b) Importer(815301076,1909f56bfc062723c751e8b465ee728b)  -> (artifact id: '97ef7c4135eef79d0e00504afce042c7') in 0.011517 seconds 
========================================================================
Received Prepare
Registering precompiled user dll's ...
Registered in 0.005541 seconds.
Begin MonoManager ReloadAssembly
Symbol file LoadedFromMemory doesn't match image C:\Users\박규현\Desktop\UnityProject\Hit-And-Run\Library\PackageCache\com.unity.visualscripting@1.7.6\Editor\VisualScripting.Core\Dependencies\YamlDotNet\Unity.VisualScripting.YamlDotNet.dll
Symbol file LoadedFromMemory is not a mono symbol file
Symbol file LoadedFromMemory doesn't match image C:\Users\박규현\Desktop\UnityProject\Hit-And-Run\Library\PackageCache\com.unity.visualscripting@1.7.6\Editor\VisualScripting.Core\Dependencies\DotNetZip\Unity.VisualScripting.IonicZip.dll
Native extension for WindowsStandalone target not found
Native extension for Android target not found
Native extension for WebGL target not found
Refreshing native plugins compatible for Editor in 0.68 ms, found 3 plugins.
Preloading 0 native plugins for Editor in 0.00 ms.
Mono: successfully reloaded assembly
- Completed reload, in  1.612 seconds
Domain Reload Profiling:
	ReloadAssembly (1613ms)
		BeginReloadAssembly (203ms)
			ExecutionOrderSort (0ms)
			DisableScriptedObjects (8ms)
			BackupInstance (0ms)
			ReleaseScriptingObjects (0ms)
			CreateAndSetChildDomain (54ms)
		EndReloadAssembly (1247ms)
			LoadAssemblies (173ms)
			RebuildTransferFunctionScriptingTraits (0ms)
			SetupTypeCache (475ms)
			ReleaseScriptCaches (1ms)
			RebuildScriptCaches (54ms)
			SetupLoadedEditorAssemblies (469ms)
				LogAssemblyErrors (0ms)
				InitializePlatformSupportModulesInManaged (33ms)
				SetLoadedEditorAssemblies (1ms)
				RefreshPlugins (1ms)
				BeforeProcessingInitializeOnLoad (96ms)
				ProcessInitializeOnLoadAttributes (275ms)
				ProcessInitializeOnLoadMethodAttributes (45ms)
				AfterProcessingInitializeOnLoad (17ms)
				EditorAssembliesLoaded (2ms)
			ExecutionOrderSort2 (0ms)
			AwakeInstancesAfterBackupRestoration (28ms)
Platform modules already initialized, skipping
Refreshing native plugins compatible for Editor in 3.51 ms, found 3 plugins.
Preloading 0 native plugins for Editor in 0.00 ms.
Unloading 3236 Unused Serialized files (Serialized files now loaded: 0)
Unloading 16 unused Assets / (80.2 KB). Loaded Objects now: 3762.
Memory consumption went from 121.2 MB to 121.1 MB.
Total: 13.604400 ms (FindLiveObjects: 1.935000 ms CreateObjectMapping: 3.566000 ms MarkObjects: 7.892700 ms  DeleteObjects: 0.208700 ms)

AssetImportParameters requested are different than current active one (requested -> active):
  custom:video-decoder-ogg-theora: a1e56fd34408186e4bbccfd4996cb3dc -> 
  custom:container-muxer-webm: aa71ff27fc2769a1b78a27578f13a17b -> 
  custom:container-demuxer-webm: 4f35f7cbe854078d1ac9338744f61a02 -> 
  custom:video-encoder-webm-vp8: eb34c28f22e8b96e1ab97ce403110664 -> 
  custom:video-codec-MediaFoundation-h265: 746d11721c4dcdbdad8f713fa42b33f4 -> 
  custom:audio-encoder-webm-vorbis: bf7c407c2cedff20999df2af8eb42d56 -> 
  custom:framework-win-MediaFoundation: 216162199b28c13a410421893ffa2e32 -> 
  custom:container-demuxer-ogg: 62fdf1f143b41e24485cea50d1cbac27 -> 
  custom:video-decoder-webm-vp8: 9c59270c3fd7afecdb556c50c9e8de78 -> 
  custom:audio-decoder-ogg-vorbis: bf7c407c2cedff20999df2af8eb42d56 -> 
========================================================================
Received Import Request.
  Time since last request: 1067.094058 seconds.
  path: Assets/Player/PlayerAnimator.controller
  artifactKey: Guid(9743c3db528548c47a2118ca171adbd5) Importer(815301076,1909f56bfc062723c751e8b465ee728b)
Start importing Assets/Player/PlayerAnimator.controller using Guid(9743c3db528548c47a2118ca171adbd5) Importer(815301076,1909f56bfc062723c751e8b465ee728b)  -> (artifact id: '4b3fe286faefbafdb10d5d427e4388d4') in 0.162399 seconds 
========================================================================
Received Prepare
Registering precompiled user dll's ...
Registered in 0.008626 seconds.
Begin MonoManager ReloadAssembly
Symbol file LoadedFromMemory doesn't match image C:\Users\박규현\Desktop\UnityProject\Hit-And-Run\Library\PackageCache\com.unity.visualscripting@1.7.6\Editor\VisualScripting.Core\Dependencies\YamlDotNet\Unity.VisualScripting.YamlDotNet.dll
Symbol file LoadedFromMemory is not a mono symbol file
Symbol file LoadedFromMemory doesn't match image C:\Users\박규현\Desktop\UnityProject\Hit-And-Run\Library\PackageCache\com.unity.visualscripting@1.7.6\Editor\VisualScripting.Core\Dependencies\DotNetZip\Unity.VisualScripting.IonicZip.dll
Native extension for WindowsStandalone target not found
Native extension for Android target not found
Native extension for WebGL target not found
Refreshing native plugins compatible for Editor in 1.67 ms, found 3 plugins.
Preloading 0 native plugins for Editor in 0.00 ms.
Mono: successfully reloaded assembly
- Completed reload, in  1.791 seconds
Domain Reload Profiling:
	ReloadAssembly (1792ms)
		BeginReloadAssembly (192ms)
			ExecutionOrderSort (0ms)
			DisableScriptedObjects (8ms)
			BackupInstance (0ms)
			ReleaseScriptingObjects (0ms)
			CreateAndSetChildDomain (49ms)
		EndReloadAssembly (1436ms)
			LoadAssemblies (142ms)
			RebuildTransferFunctionScriptingTraits (0ms)
			SetupTypeCache (420ms)
			ReleaseScriptCaches (1ms)
			RebuildScriptCaches (50ms)
			SetupLoadedEditorAssemblies (790ms)
				LogAssemblyErrors (0ms)
				InitializePlatformSupportModulesInManaged (56ms)
				SetLoadedEditorAssemblies (7ms)
				RefreshPlugins (2ms)
				BeforeProcessingInitializeOnLoad (297ms)
				ProcessInitializeOnLoadAttributes (390ms)
				ProcessInitializeOnLoadMethodAttributes (29ms)
				AfterProcessingInitializeOnLoad (8ms)
				EditorAssembliesLoaded (0ms)
			ExecutionOrderSort2 (0ms)
			AwakeInstancesAfterBackupRestoration (9ms)
Platform modules already initialized, skipping
Refreshing native plugins compatible for Editor in 2.37 ms, found 3 plugins.
Preloading 0 native plugins for Editor in 0.00 ms.
Unloading 3236 Unused Serialized files (Serialized files now loaded: 0)
Unloading 16 unused Assets / (80.1 KB). Loaded Objects now: 3765.
Memory consumption went from 121.2 MB to 121.1 MB.
Total: 3.532100 ms (FindLiveObjects: 0.307600 ms CreateObjectMapping: 0.288900 ms MarkObjects: 2.816500 ms  DeleteObjects: 0.117300 ms)

AssetImportParameters requested are different than current active one (requested -> active):
  custom:video-decoder-ogg-theora: a1e56fd34408186e4bbccfd4996cb3dc -> 
  custom:container-muxer-webm: aa71ff27fc2769a1b78a27578f13a17b -> 
  custom:container-demuxer-webm: 4f35f7cbe854078d1ac9338744f61a02 -> 
  custom:video-encoder-webm-vp8: eb34c28f22e8b96e1ab97ce403110664 -> 
  custom:video-codec-MediaFoundation-h265: 746d11721c4dcdbdad8f713fa42b33f4 -> 
  custom:audio-encoder-webm-vorbis: bf7c407c2cedff20999df2af8eb42d56 -> 
  custom:framework-win-MediaFoundation: 216162199b28c13a410421893ffa2e32 -> 
  custom:container-demuxer-ogg: 62fdf1f143b41e24485cea50d1cbac27 -> 
  custom:video-decoder-webm-vp8: 9c59270c3fd7afecdb556c50c9e8de78 -> 
  custom:audio-decoder-ogg-vorbis: bf7c407c2cedff20999df2af8eb42d56 -> 
========================================================================
Received Import Request.
  Time since last request: 140.625617 seconds.
  path: Assets/Camera
  artifactKey: Guid(4d5e2e5fd39a5aa4dbef079d9440c577) Importer(815301076,1909f56bfc062723c751e8b465ee728b)
Start importing Assets/Camera using Guid(4d5e2e5fd39a5aa4dbef079d9440c577) Importer(815301076,1909f56bfc062723c751e8b465ee728b)  -> (artifact id: '186fc50639103124fd88f9e4c54f21b3') in 0.038639 seconds 
========================================================================
Received Import Request.
  Time since last request: 8.243717 seconds.
  path: Assets/Camera/PlayerCamera.cs
  artifactKey: Guid(29bdbc1fa7a562541919605dcf68b0a1) Importer(815301076,1909f56bfc062723c751e8b465ee728b)
Start importing Assets/Camera/PlayerCamera.cs using Guid(29bdbc1fa7a562541919605dcf68b0a1) Importer(815301076,1909f56bfc062723c751e8b465ee728b)  -> (artifact id: '8c49bcdcf35c6117da2b7f2ae55ef7db') in 0.016876 seconds 
========================================================================
Received Prepare
Registering precompiled user dll's ...
Registered in 0.006601 seconds.
Begin MonoManager ReloadAssembly
Symbol file LoadedFromMemory doesn't match image C:\Users\박규현\Desktop\UnityProject\Hit-And-Run\Library\PackageCache\com.unity.visualscripting@1.7.6\Editor\VisualScripting.Core\Dependencies\YamlDotNet\Unity.VisualScripting.YamlDotNet.dll
Symbol file LoadedFromMemory is not a mono symbol file
Symbol file LoadedFromMemory doesn't match image C:\Users\박규현\Desktop\UnityProject\Hit-And-Run\Library\PackageCache\com.unity.visualscripting@1.7.6\Editor\VisualScripting.Core\Dependencies\DotNetZip\Unity.VisualScripting.IonicZip.dll
Native extension for WindowsStandalone target not found
Native extension for Android target not found
Native extension for WebGL target not found
Refreshing native plugins compatible for Editor in 3.33 ms, found 3 plugins.
Preloading 0 native plugins for Editor in 0.00 ms.
Mono: successfully reloaded assembly
- Completed reload, in  1.987 seconds
Domain Reload Profiling:
	ReloadAssembly (1988ms)
		BeginReloadAssembly (274ms)
			ExecutionOrderSort (0ms)
			DisableScriptedObjects (13ms)
			BackupInstance (0ms)
			ReleaseScriptingObjects (0ms)
			CreateAndSetChildDomain (64ms)
		EndReloadAssembly (1505ms)
			LoadAssemblies (300ms)
			RebuildTransferFunctionScriptingTraits (0ms)
			SetupTypeCache (472ms)
			ReleaseScriptCaches (1ms)
			RebuildScriptCaches (75ms)
			SetupLoadedEditorAssemblies (477ms)
				LogAssemblyErrors (0ms)
				InitializePlatformSupportModulesInManaged (40ms)
				SetLoadedEditorAssemblies (1ms)
				RefreshPlugins (3ms)
				BeforeProcessingInitializeOnLoad (113ms)
				ProcessInitializeOnLoadAttributes (267ms)
				ProcessInitializeOnLoadMethodAttributes (40ms)
				AfterProcessingInitializeOnLoad (12ms)
				EditorAssembliesLoaded (0ms)
			ExecutionOrderSort2 (0ms)
			AwakeInstancesAfterBackupRestoration (15ms)
Platform modules already initialized, skipping
Refreshing native plugins compatible for Editor in 4.05 ms, found 3 plugins.
Preloading 0 native plugins for Editor in 0.00 ms.
Unloading 3237 Unused Serialized files (Serialized files now loaded: 0)
Unloading 16 unused Assets / (80.2 KB). Loaded Objects now: 3769.
Memory consumption went from 121.2 MB to 121.2 MB.
Total: 6.628400 ms (FindLiveObjects: 0.989600 ms CreateObjectMapping: 1.082100 ms MarkObjects: 4.359900 ms  DeleteObjects: 0.194200 ms)

AssetImportParameters requested are different than current active one (requested -> active):
  custom:video-decoder-ogg-theora: a1e56fd34408186e4bbccfd4996cb3dc -> 
  custom:container-muxer-webm: aa71ff27fc2769a1b78a27578f13a17b -> 
  custom:container-demuxer-webm: 4f35f7cbe854078d1ac9338744f61a02 -> 
  custom:video-encoder-webm-vp8: eb34c28f22e8b96e1ab97ce403110664 -> 
  custom:video-codec-MediaFoundation-h265: 746d11721c4dcdbdad8f713fa42b33f4 -> 
  custom:audio-encoder-webm-vorbis: bf7c407c2cedff20999df2af8eb42d56 -> 
  custom:framework-win-MediaFoundation: 216162199b28c13a410421893ffa2e32 -> 
  custom:container-demuxer-ogg: 62fdf1f143b41e24485cea50d1cbac27 -> 
  custom:video-decoder-webm-vp8: 9c59270c3fd7afecdb556c50c9e8de78 -> 
  custom:audio-decoder-ogg-vorbis: bf7c407c2cedff20999df2af8eb42d56 -> 
========================================================================
Received Import Request.
  Time since last request: 18.085040 seconds.
  path: Assets/Camera/PlayerCamera.cs
  artifactKey: Guid(29bdbc1fa7a562541919605dcf68b0a1) Importer(815301076,1909f56bfc062723c751e8b465ee728b)
Start importing Assets/Camera/PlayerCamera.cs using Guid(29bdbc1fa7a562541919605dcf68b0a1) Importer(815301076,1909f56bfc062723c751e8b465ee728b)  -> (artifact id: '8a1524c849d5db5ff4d6f4067e5938f4') in 0.012844 seconds 
========================================================================
Received Prepare
Registering precompiled user dll's ...
Registered in 0.005230 seconds.
Begin MonoManager ReloadAssembly
Symbol file LoadedFromMemory doesn't match image C:\Users\박규현\Desktop\UnityProject\Hit-And-Run\Library\PackageCache\com.unity.visualscripting@1.7.6\Editor\VisualScripting.Core\Dependencies\YamlDotNet\Unity.VisualScripting.YamlDotNet.dll
Symbol file LoadedFromMemory is not a mono symbol file
Symbol file LoadedFromMemory doesn't match image C:\Users\박규현\Desktop\UnityProject\Hit-And-Run\Library\PackageCache\com.unity.visualscripting@1.7.6\Editor\VisualScripting.Core\Dependencies\DotNetZip\Unity.VisualScripting.IonicZip.dll
Native extension for WindowsStandalone target not found
Native extension for Android target not found
Native extension for WebGL target not found
Refreshing native plugins compatible for Editor in 0.92 ms, found 3 plugins.
Preloading 0 native plugins for Editor in 0.00 ms.
Mono: successfully reloaded assembly
- Completed reload, in  1.882 seconds
Domain Reload Profiling:
	ReloadAssembly (1884ms)
		BeginReloadAssembly (362ms)
			ExecutionOrderSort (0ms)
			DisableScriptedObjects (20ms)
			BackupInstance (0ms)
			ReleaseScriptingObjects (0ms)
			CreateAndSetChildDomain (71ms)
		EndReloadAssembly (1146ms)
			LoadAssemblies (253ms)
			RebuildTransferFunctionScriptingTraits (0ms)
			SetupTypeCache (423ms)
			ReleaseScriptCaches (1ms)
			RebuildScriptCaches (70ms)
			SetupLoadedEditorAssemblies (447ms)
				LogAssemblyErrors (0ms)
				InitializePlatformSupportModulesInManaged (36ms)
				SetLoadedEditorAssemblies (1ms)
				RefreshPlugins (1ms)
				BeforeProcessingInitializeOnLoad (118ms)
				ProcessInitializeOnLoadAttributes (251ms)
				ProcessInitializeOnLoadMethodAttributes (30ms)
				AfterProcessingInitializeOnLoad (9ms)
				EditorAssembliesLoaded (0ms)
			ExecutionOrderSort2 (0ms)
			AwakeInstancesAfterBackupRestoration (8ms)
Platform modules already initialized, skipping
Refreshing native plugins compatible for Editor in 3.43 ms, found 3 plugins.
Preloading 0 native plugins for Editor in 0.00 ms.
Unloading 3237 Unused Serialized files (Serialized files now loaded: 0)
Unloading 16 unused Assets / (80.2 KB). Loaded Objects now: 3772.
Memory consumption went from 121.3 MB to 121.2 MB.
Total: 12.255200 ms (FindLiveObjects: 0.489400 ms CreateObjectMapping: 0.399800 ms MarkObjects: 9.271400 ms  DeleteObjects: 2.085500 ms)

AssetImportParameters requested are different than current active one (requested -> active):
  custom:video-decoder-ogg-theora: a1e56fd34408186e4bbccfd4996cb3dc -> 
  custom:container-muxer-webm: aa71ff27fc2769a1b78a27578f13a17b -> 
  custom:container-demuxer-webm: 4f35f7cbe854078d1ac9338744f61a02 -> 
  custom:video-encoder-webm-vp8: eb34c28f22e8b96e1ab97ce403110664 -> 
  custom:video-codec-MediaFoundation-h265: 746d11721c4dcdbdad8f713fa42b33f4 -> 
  custom:audio-encoder-webm-vorbis: bf7c407c2cedff20999df2af8eb42d56 -> 
  custom:framework-win-MediaFoundation: 216162199b28c13a410421893ffa2e32 -> 
  custom:container-demuxer-ogg: 62fdf1f143b41e24485cea50d1cbac27 -> 
  custom:video-decoder-webm-vp8: 9c59270c3fd7afecdb556c50c9e8de78 -> 
  custom:audio-decoder-ogg-vorbis: bf7c407c2cedff20999df2af8eb42d56 -> 
========================================================================
Received Import Request.
  Time since last request: 96.454700 seconds.
  path: Assets/Camera/PlayerCamera.cs
  artifactKey: Guid(29bdbc1fa7a562541919605dcf68b0a1) Importer(815301076,1909f56bfc062723c751e8b465ee728b)
Start importing Assets/Camera/PlayerCamera.cs using Guid(29bdbc1fa7a562541919605dcf68b0a1) Importer(815301076,1909f56bfc062723c751e8b465ee728b)  -> (artifact id: '29e0041b98980b8ccf2cef9f5baa1ea8') in 0.016357 seconds 
========================================================================
Received Import Request.
  Time since last request: 132.514186 seconds.
  path: Assets/Camera/PlayerCamera.cs
  artifactKey: Guid(29bdbc1fa7a562541919605dcf68b0a1) Importer(815301076,1909f56bfc062723c751e8b465ee728b)
Start importing Assets/Camera/PlayerCamera.cs using Guid(29bdbc1fa7a562541919605dcf68b0a1) Importer(815301076,1909f56bfc062723c751e8b465ee728b)  -> (artifact id: '1691a54cb80ffe17bd10f8c4126b844d') in 0.004976 seconds 
========================================================================
Received Prepare
Registering precompiled user dll's ...
Registered in 0.006662 seconds.
Begin MonoManager ReloadAssembly
Symbol file LoadedFromMemory doesn't match image C:\Users\박규현\Desktop\UnityProject\Hit-And-Run\Library\PackageCache\com.unity.visualscripting@1.7.6\Editor\VisualScripting.Core\Dependencies\YamlDotNet\Unity.VisualScripting.YamlDotNet.dll
Symbol file LoadedFromMemory is not a mono symbol file
Symbol file LoadedFromMemory doesn't match image C:\Users\박규현\Desktop\UnityProject\Hit-And-Run\Library\PackageCache\com.unity.visualscripting@1.7.6\Editor\VisualScripting.Core\Dependencies\DotNetZip\Unity.VisualScripting.IonicZip.dll
Native extension for WindowsStandalone target not found
Native extension for Android target not found
Native extension for WebGL target not found
Refreshing native plugins compatible for Editor in 0.61 ms, found 3 plugins.
Preloading 0 native plugins for Editor in 0.00 ms.
Mono: successfully reloaded assembly
- Completed reload, in  1.594 seconds
Domain Reload Profiling:
	ReloadAssembly (1595ms)
		BeginReloadAssembly (213ms)
			ExecutionOrderSort (0ms)
			DisableScriptedObjects (10ms)
			BackupInstance (0ms)
			ReleaseScriptingObjects (0ms)
			CreateAndSetChildDomain (50ms)
		EndReloadAssembly (1226ms)
			LoadAssemblies (189ms)
			RebuildTransferFunctionScriptingTraits (0ms)
			SetupTypeCache (488ms)
			ReleaseScriptCaches (2ms)
			RebuildScriptCaches (55ms)
			SetupLoadedEditorAssemblies (470ms)
				LogAssemblyErrors (0ms)
				InitializePlatformSupportModulesInManaged (31ms)
				SetLoadedEditorAssemblies (1ms)
				RefreshPlugins (1ms)
				BeforeProcessingInitializeOnLoad (85ms)
				ProcessInitializeOnLoadAttributes (312ms)
				ProcessInitializeOnLoadMethodAttributes (31ms)
				AfterProcessingInitializeOnLoad (8ms)
				EditorAssembliesLoaded (3ms)
			ExecutionOrderSort2 (0ms)
			AwakeInstancesAfterBackupRestoration (8ms)
Platform modules already initialized, skipping
Refreshing native plugins compatible for Editor in 11.79 ms, found 3 plugins.
Preloading 0 native plugins for Editor in 0.00 ms.
Unloading 3237 Unused Serialized files (Serialized files now loaded: 0)
Unloading 16 unused Assets / (80.2 KB). Loaded Objects now: 3775.
Memory consumption went from 121.3 MB to 121.2 MB.
Total: 5.385000 ms (FindLiveObjects: 0.430700 ms CreateObjectMapping: 0.463400 ms MarkObjects: 4.352700 ms  DeleteObjects: 0.136400 ms)

AssetImportParameters requested are different than current active one (requested -> active):
  custom:video-decoder-ogg-theora: a1e56fd34408186e4bbccfd4996cb3dc -> 
  custom:container-muxer-webm: aa71ff27fc2769a1b78a27578f13a17b -> 
  custom:container-demuxer-webm: 4f35f7cbe854078d1ac9338744f61a02 -> 
  custom:video-encoder-webm-vp8: eb34c28f22e8b96e1ab97ce403110664 -> 
  custom:video-codec-MediaFoundation-h265: 746d11721c4dcdbdad8f713fa42b33f4 -> 
  custom:audio-encoder-webm-vorbis: bf7c407c2cedff20999df2af8eb42d56 -> 
  custom:framework-win-MediaFoundation: 216162199b28c13a410421893ffa2e32 -> 
  custom:container-demuxer-ogg: 62fdf1f143b41e24485cea50d1cbac27 -> 
  custom:video-decoder-webm-vp8: 9c59270c3fd7afecdb556c50c9e8de78 -> 
  custom:audio-decoder-ogg-vorbis: bf7c407c2cedff20999df2af8eb42d56 -> 
========================================================================
Received Prepare
Registering precompiled user dll's ...
Registered in 0.007548 seconds.
Begin MonoManager ReloadAssembly
Symbol file LoadedFromMemory doesn't match image C:\Users\박규현\Desktop\UnityProject\Hit-And-Run\Library\PackageCache\com.unity.visualscripting@1.7.6\Editor\VisualScripting.Core\Dependencies\YamlDotNet\Unity.VisualScripting.YamlDotNet.dll
Symbol file LoadedFromMemory is not a mono symbol file
Symbol file LoadedFromMemory doesn't match image C:\Users\박규현\Desktop\UnityProject\Hit-And-Run\Library\PackageCache\com.unity.visualscripting@1.7.6\Editor\VisualScripting.Core\Dependencies\DotNetZip\Unity.VisualScripting.IonicZip.dll
Native extension for WindowsStandalone target not found
Native extension for Android target not found
Native extension for WebGL target not found
Refreshing native plugins compatible for Editor in 2.37 ms, found 3 plugins.
Preloading 0 native plugins for Editor in 0.00 ms.
Mono: successfully reloaded assembly
- Completed reload, in  3.424 seconds
Domain Reload Profiling:
	ReloadAssembly (3425ms)
		BeginReloadAssembly (199ms)
			ExecutionOrderSort (0ms)
			DisableScriptedObjects (8ms)
			BackupInstance (0ms)
			ReleaseScriptingObjects (0ms)
			CreateAndSetChildDomain (54ms)
		EndReloadAssembly (3074ms)
			LoadAssemblies (150ms)
			RebuildTransferFunctionScriptingTraits (0ms)
			SetupTypeCache (890ms)
			ReleaseScriptCaches (4ms)
			RebuildScriptCaches (180ms)
			SetupLoadedEditorAssemblies (1475ms)
				LogAssemblyErrors (0ms)
				InitializePlatformSupportModulesInManaged (245ms)
				SetLoadedEditorAssemblies (1ms)
				RefreshPlugins (3ms)
				BeforeProcessingInitializeOnLoad (267ms)
				ProcessInitializeOnLoadAttributes (832ms)
				ProcessInitializeOnLoadMethodAttributes (97ms)
				AfterProcessingInitializeOnLoad (29ms)
				EditorAssembliesLoaded (0ms)
			ExecutionOrderSort2 (0ms)
			AwakeInstancesAfterBackupRestoration (26ms)
Platform modules already initialized, skipping
Refreshing native plugins compatible for Editor in 7.82 ms, found 3 plugins.
Preloading 0 native plugins for Editor in 0.00 ms.
Unloading 3237 Unused Serialized files (Serialized files now loaded: 0)
Unloading 16 unused Assets / (80.2 KB). Loaded Objects now: 3778.
Memory consumption went from 121.3 MB to 121.2 MB.
Total: 7.498700 ms (FindLiveObjects: 1.293400 ms CreateObjectMapping: 0.454100 ms MarkObjects: 5.535800 ms  DeleteObjects: 0.212100 ms)

AssetImportParameters requested are different than current active one (requested -> active):
  custom:video-decoder-ogg-theora: a1e56fd34408186e4bbccfd4996cb3dc -> 
  custom:container-muxer-webm: aa71ff27fc2769a1b78a27578f13a17b -> 
  custom:container-demuxer-webm: 4f35f7cbe854078d1ac9338744f61a02 -> 
  custom:video-encoder-webm-vp8: eb34c28f22e8b96e1ab97ce403110664 -> 
  custom:video-codec-MediaFoundation-h265: 746d11721c4dcdbdad8f713fa42b33f4 -> 
  custom:audio-encoder-webm-vorbis: bf7c407c2cedff20999df2af8eb42d56 -> 
  custom:framework-win-MediaFoundation: 216162199b28c13a410421893ffa2e32 -> 
  custom:container-demuxer-ogg: 62fdf1f143b41e24485cea50d1cbac27 -> 
  custom:video-decoder-webm-vp8: 9c59270c3fd7afecdb556c50c9e8de78 -> 
  custom:audio-decoder-ogg-vorbis: bf7c407c2cedff20999df2af8eb42d56 -> 
========================================================================
Received Prepare
Registering precompiled user dll's ...
Registered in 0.021512 seconds.
Begin MonoManager ReloadAssembly
Symbol file LoadedFromMemory doesn't match image C:\Users\박규현\Desktop\UnityProject\Hit-And-Run\Library\PackageCache\com.unity.visualscripting@1.7.6\Editor\VisualScripting.Core\Dependencies\YamlDotNet\Unity.VisualScripting.YamlDotNet.dll
Symbol file LoadedFromMemory is not a mono symbol file
Symbol file LoadedFromMemory doesn't match image C:\Users\박규현\Desktop\UnityProject\Hit-And-Run\Library\PackageCache\com.unity.visualscripting@1.7.6\Editor\VisualScripting.Core\Dependencies\DotNetZip\Unity.VisualScripting.IonicZip.dll
Native extension for WindowsStandalone target not found
Native extension for Android target not found
Native extension for WebGL target not found
Refreshing native plugins compatible for Editor in 1.00 ms, found 3 plugins.
Preloading 0 native plugins for Editor in 0.00 ms.
Mono: successfully reloaded assembly
- Completed reload, in  2.673 seconds
Domain Reload Profiling:
	ReloadAssembly (2674ms)
		BeginReloadAssembly (252ms)
			ExecutionOrderSort (0ms)
			DisableScriptedObjects (9ms)
			BackupInstance (0ms)
			ReleaseScriptingObjects (0ms)
			CreateAndSetChildDomain (67ms)
		EndReloadAssembly (2217ms)
			LoadAssemblies (224ms)
			RebuildTransferFunctionScriptingTraits (0ms)
			SetupTypeCache (860ms)
			ReleaseScriptCaches (3ms)
			RebuildScriptCaches (97ms)
			SetupLoadedEditorAssemblies (984ms)
				LogAssemblyErrors (0ms)
				InitializePlatformSupportModulesInManaged (42ms)
				SetLoadedEditorAssemblies (1ms)
				RefreshPlugins (1ms)
				BeforeProcessingInitializeOnLoad (426ms)
				ProcessInitializeOnLoadAttributes (464ms)
				ProcessInitializeOnLoadMethodAttributes (41ms)
				AfterProcessingInitializeOnLoad (10ms)
				EditorAssembliesLoaded (0ms)
			ExecutionOrderSort2 (0ms)
			AwakeInstancesAfterBackupRestoration (9ms)
Platform modules already initialized, skipping
Refreshing native plugins compatible for Editor in 3.52 ms, found 3 plugins.
Preloading 0 native plugins for Editor in 0.00 ms.
Unloading 3237 Unused Serialized files (Serialized files now loaded: 0)
Unloading 16 unused Assets / (80.0 KB). Loaded Objects now: 3781.
Memory consumption went from 121.3 MB to 121.2 MB.
Total: 5.652400 ms (FindLiveObjects: 0.452100 ms CreateObjectMapping: 0.446700 ms MarkObjects: 4.583300 ms  DeleteObjects: 0.167500 ms)

AssetImportParameters requested are different than current active one (requested -> active):
  custom:video-decoder-ogg-theora: a1e56fd34408186e4bbccfd4996cb3dc -> 
  custom:container-muxer-webm: aa71ff27fc2769a1b78a27578f13a17b -> 
  custom:container-demuxer-webm: 4f35f7cbe854078d1ac9338744f61a02 -> 
  custom:video-encoder-webm-vp8: eb34c28f22e8b96e1ab97ce403110664 -> 
  custom:video-codec-MediaFoundation-h265: 746d11721c4dcdbdad8f713fa42b33f4 -> 
  custom:audio-encoder-webm-vorbis: bf7c407c2cedff20999df2af8eb42d56 -> 
  custom:framework-win-MediaFoundation: 216162199b28c13a410421893ffa2e32 -> 
  custom:container-demuxer-ogg: 62fdf1f143b41e24485cea50d1cbac27 -> 
  custom:video-decoder-webm-vp8: 9c59270c3fd7afecdb556c50c9e8de78 -> 
  custom:audio-decoder-ogg-vorbis: bf7c407c2cedff20999df2af8eb42d56 -> 
========================================================================
Received Prepare
Registering precompiled user dll's ...
Registered in 0.006743 seconds.
Begin MonoManager ReloadAssembly
Symbol file LoadedFromMemory doesn't match image C:\Users\박규현\Desktop\UnityProject\Hit-And-Run\Library\PackageCache\com.unity.visualscripting@1.7.6\Editor\VisualScripting.Core\Dependencies\YamlDotNet\Unity.VisualScripting.YamlDotNet.dll
Symbol file LoadedFromMemory is not a mono symbol file
Symbol file LoadedFromMemory doesn't match image C:\Users\박규현\Desktop\UnityProject\Hit-And-Run\Library\PackageCache\com.unity.visualscripting@1.7.6\Editor\VisualScripting.Core\Dependencies\DotNetZip\Unity.VisualScripting.IonicZip.dll
Native extension for WindowsStandalone target not found
Native extension for Android target not found
Native extension for WebGL target not found
Refreshing native plugins compatible for Editor in 0.63 ms, found 3 plugins.
Preloading 0 native plugins for Editor in 0.00 ms.
Mono: successfully reloaded assembly
- Completed reload, in  1.599 seconds
Domain Reload Profiling:
	ReloadAssembly (1600ms)
		BeginReloadAssembly (234ms)
			ExecutionOrderSort (0ms)
			DisableScriptedObjects (9ms)
			BackupInstance (0ms)
			ReleaseScriptingObjects (0ms)
			CreateAndSetChildDomain (54ms)
		EndReloadAssembly (1180ms)
			LoadAssemblies (220ms)
			RebuildTransferFunctionScriptingTraits (0ms)
			SetupTypeCache (472ms)
			ReleaseScriptCaches (2ms)
			RebuildScriptCaches (55ms)
			SetupLoadedEditorAssemblies (414ms)
				LogAssemblyErrors (0ms)
				InitializePlatformSupportModulesInManaged (33ms)
				SetLoadedEditorAssemblies (1ms)
				RefreshPlugins (1ms)
				BeforeProcessingInitializeOnLoad (87ms)
				ProcessInitializeOnLoadAttributes (255ms)
				ProcessInitializeOnLoadMethodAttributes (28ms)
				AfterProcessingInitializeOnLoad (9ms)
				EditorAssembliesLoaded (0ms)
			ExecutionOrderSort2 (0ms)
			AwakeInstancesAfterBackupRestoration (8ms)
Platform modules already initialized, skipping
Refreshing native plugins compatible for Editor in 3.58 ms, found 3 plugins.
Preloading 0 native plugins for Editor in 0.00 ms.
Unloading 3237 Unused Serialized files (Serialized files now loaded: 0)
Unloading 16 unused Assets / (80.2 KB). Loaded Objects now: 3784.
Memory consumption went from 121.3 MB to 121.2 MB.
Total: 6.505900 ms (FindLiveObjects: 0.598400 ms CreateObjectMapping: 0.465000 ms MarkObjects: 5.206700 ms  DeleteObjects: 0.233400 ms)

AssetImportParameters requested are different than current active one (requested -> active):
  custom:video-decoder-ogg-theora: a1e56fd34408186e4bbccfd4996cb3dc -> 
  custom:container-muxer-webm: aa71ff27fc2769a1b78a27578f13a17b -> 
  custom:container-demuxer-webm: 4f35f7cbe854078d1ac9338744f61a02 -> 
  custom:video-encoder-webm-vp8: eb34c28f22e8b96e1ab97ce403110664 -> 
  custom:video-codec-MediaFoundation-h265: 746d11721c4dcdbdad8f713fa42b33f4 -> 
  custom:audio-encoder-webm-vorbis: bf7c407c2cedff20999df2af8eb42d56 -> 
  custom:framework-win-MediaFoundation: 216162199b28c13a410421893ffa2e32 -> 
  custom:container-demuxer-ogg: 62fdf1f143b41e24485cea50d1cbac27 -> 
  custom:video-decoder-webm-vp8: 9c59270c3fd7afecdb556c50c9e8de78 -> 
  custom:audio-decoder-ogg-vorbis: bf7c407c2cedff20999df2af8eb42d56 -> 
========================================================================
Received Prepare
Registering precompiled user dll's ...
Registered in 0.009041 seconds.
Begin MonoManager ReloadAssembly
Symbol file LoadedFromMemory doesn't match image C:\Users\박규현\Desktop\UnityProject\Hit-And-Run\Library\PackageCache\com.unity.visualscripting@1.7.6\Editor\VisualScripting.Core\Dependencies\YamlDotNet\Unity.VisualScripting.YamlDotNet.dll
Symbol file LoadedFromMemory is not a mono symbol file
Symbol file LoadedFromMemory doesn't match image C:\Users\박규현\Desktop\UnityProject\Hit-And-Run\Library\PackageCache\com.unity.visualscripting@1.7.6\Editor\VisualScripting.Core\Dependencies\DotNetZip\Unity.VisualScripting.IonicZip.dll
Native extension for WindowsStandalone target not found
Native extension for Android target not found
Native extension for WebGL target not found
Refreshing native plugins compatible for Editor in 0.61 ms, found 3 plugins.
Preloading 0 native plugins for Editor in 0.00 ms.
Mono: successfully reloaded assembly
- Completed reload, in  1.584 seconds
Domain Reload Profiling:
	ReloadAssembly (1585ms)
		BeginReloadAssembly (224ms)
			ExecutionOrderSort (0ms)
			DisableScriptedObjects (8ms)
			BackupInstance (0ms)
			ReleaseScriptingObjects (0ms)
			CreateAndSetChildDomain (54ms)
		EndReloadAssembly (1166ms)
			LoadAssemblies (280ms)
			RebuildTransferFunctionScriptingTraits (0ms)
			SetupTypeCache (384ms)
			ReleaseScriptCaches (1ms)
			RebuildScriptCaches (54ms)
			SetupLoadedEditorAssemblies (418ms)
				LogAssemblyErrors (0ms)
				InitializePlatformSupportModulesInManaged (34ms)
				SetLoadedEditorAssemblies (1ms)
				RefreshPlugins (1ms)
				BeforeProcessingInitializeOnLoad (92ms)
				ProcessInitializeOnLoadAttributes (253ms)
				ProcessInitializeOnLoadMethodAttributes (29ms)
				AfterProcessingInitializeOnLoad (9ms)
				EditorAssembliesLoaded (0ms)
			ExecutionOrderSort2 (0ms)
			AwakeInstancesAfterBackupRestoration (8ms)
Platform modules already initialized, skipping
Refreshing native plugins compatible for Editor in 4.26 ms, found 3 plugins.
Preloading 0 native plugins for Editor in 0.00 ms.
Unloading 3237 Unused Serialized files (Serialized files now loaded: 0)
Unloading 16 unused Assets / (80.1 KB). Loaded Objects now: 3787.
Memory consumption went from 121.3 MB to 121.2 MB.
Total: 5.248500 ms (FindLiveObjects: 0.503200 ms CreateObjectMapping: 0.339600 ms MarkObjects: 4.260600 ms  DeleteObjects: 0.143300 ms)

AssetImportParameters requested are different than current active one (requested -> active):
  custom:video-decoder-ogg-theora: a1e56fd34408186e4bbccfd4996cb3dc -> 
  custom:container-muxer-webm: aa71ff27fc2769a1b78a27578f13a17b -> 
  custom:container-demuxer-webm: 4f35f7cbe854078d1ac9338744f61a02 -> 
  custom:video-encoder-webm-vp8: eb34c28f22e8b96e1ab97ce403110664 -> 
  custom:video-codec-MediaFoundation-h265: 746d11721c4dcdbdad8f713fa42b33f4 -> 
  custom:audio-encoder-webm-vorbis: bf7c407c2cedff20999df2af8eb42d56 -> 
  custom:framework-win-MediaFoundation: 216162199b28c13a410421893ffa2e32 -> 
  custom:container-demuxer-ogg: 62fdf1f143b41e24485cea50d1cbac27 -> 
  custom:video-decoder-webm-vp8: 9c59270c3fd7afecdb556c50c9e8de78 -> 
  custom:audio-decoder-ogg-vorbis: bf7c407c2cedff20999df2af8eb42d56 -> 
========================================================================
Received Prepare
Registering precompiled user dll's ...
Registered in 0.007822 seconds.
Begin MonoManager ReloadAssembly
Symbol file LoadedFromMemory doesn't match image C:\Users\박규현\Desktop\UnityProject\Hit-And-Run\Library\PackageCache\com.unity.visualscripting@1.7.6\Editor\VisualScripting.Core\Dependencies\YamlDotNet\Unity.VisualScripting.YamlDotNet.dll
Symbol file LoadedFromMemory is not a mono symbol file
Symbol file LoadedFromMemory doesn't match image C:\Users\박규현\Desktop\UnityProject\Hit-And-Run\Library\PackageCache\com.unity.visualscripting@1.7.6\Editor\VisualScripting.Core\Dependencies\DotNetZip\Unity.VisualScripting.IonicZip.dll
Native extension for WindowsStandalone target not found
Native extension for Android target not found
Native extension for WebGL target not found
Refreshing native plugins compatible for Editor in 0.67 ms, found 3 plugins.
Preloading 0 native plugins for Editor in 0.00 ms.
Mono: successfully reloaded assembly
- Completed reload, in  2.266 seconds
Domain Reload Profiling:
	ReloadAssembly (2267ms)
		BeginReloadAssembly (224ms)
			ExecutionOrderSort (0ms)
			DisableScriptedObjects (11ms)
			BackupInstance (0ms)
			ReleaseScriptingObjects (0ms)
			CreateAndSetChildDomain (50ms)
		EndReloadAssembly (1826ms)
			LoadAssemblies (188ms)
			RebuildTransferFunctionScriptingTraits (0ms)
			SetupTypeCache (651ms)
			ReleaseScriptCaches (2ms)
			RebuildScriptCaches (91ms)
			SetupLoadedEditorAssemblies (608ms)
				LogAssemblyErrors (0ms)
				InitializePlatformSupportModulesInManaged (78ms)
				SetLoadedEditorAssemblies (1ms)
				RefreshPlugins (1ms)
				BeforeProcessingInitializeOnLoad (142ms)
				ProcessInitializeOnLoadAttributes (339ms)
				ProcessInitializeOnLoadMethodAttributes (38ms)
				AfterProcessingInitializeOnLoad (9ms)
				EditorAssembliesLoaded (0ms)
			ExecutionOrderSort2 (0ms)
			AwakeInstancesAfterBackupRestoration (9ms)
Platform modules already initialized, skipping
Refreshing native plugins compatible for Editor in 3.13 ms, found 3 plugins.
Preloading 0 native plugins for Editor in 0.00 ms.
Unloading 3237 Unused Serialized files (Serialized files now loaded: 0)
Unloading 16 unused Assets / (80.1 KB). Loaded Objects now: 3790.
Memory consumption went from 121.3 MB to 121.2 MB.
Total: 6.550500 ms (FindLiveObjects: 0.399900 ms CreateObjectMapping: 0.273000 ms MarkObjects: 5.713700 ms  DeleteObjects: 0.162200 ms)

AssetImportParameters requested are different than current active one (requested -> active):
  custom:video-decoder-ogg-theora: a1e56fd34408186e4bbccfd4996cb3dc -> 
  custom:container-muxer-webm: aa71ff27fc2769a1b78a27578f13a17b -> 
  custom:container-demuxer-webm: 4f35f7cbe854078d1ac9338744f61a02 -> 
  custom:video-encoder-webm-vp8: eb34c28f22e8b96e1ab97ce403110664 -> 
  custom:video-codec-MediaFoundation-h265: 746d11721c4dcdbdad8f713fa42b33f4 -> 
  custom:audio-encoder-webm-vorbis: bf7c407c2cedff20999df2af8eb42d56 -> 
  custom:framework-win-MediaFoundation: 216162199b28c13a410421893ffa2e32 -> 
  custom:container-demuxer-ogg: 62fdf1f143b41e24485cea50d1cbac27 -> 
  custom:video-decoder-webm-vp8: 9c59270c3fd7afecdb556c50c9e8de78 -> 
  custom:audio-decoder-ogg-vorbis: bf7c407c2cedff20999df2af8eb42d56 -> 
========================================================================
Received Prepare
Registering precompiled user dll's ...
Registered in 0.005144 seconds.
Begin MonoManager ReloadAssembly
Symbol file LoadedFromMemory doesn't match image C:\Users\박규현\Desktop\UnityProject\Hit-And-Run\Library\PackageCache\com.unity.visualscripting@1.7.6\Editor\VisualScripting.Core\Dependencies\YamlDotNet\Unity.VisualScripting.YamlDotNet.dll
Symbol file LoadedFromMemory is not a mono symbol file
Symbol file LoadedFromMemory doesn't match image C:\Users\박규현\Desktop\UnityProject\Hit-And-Run\Library\PackageCache\com.unity.visualscripting@1.7.6\Editor\VisualScripting.Core\Dependencies\DotNetZip\Unity.VisualScripting.IonicZip.dll
Native extension for WindowsStandalone target not found
Native extension for Android target not found
Native extension for WebGL target not found
Refreshing native plugins compatible for Editor in 0.62 ms, found 3 plugins.
Preloading 0 native plugins for Editor in 0.00 ms.
Mono: successfully reloaded assembly
- Completed reload, in  1.544 seconds
Domain Reload Profiling:
	ReloadAssembly (1545ms)
		BeginReloadAssembly (200ms)
			ExecutionOrderSort (0ms)
			DisableScriptedObjects (8ms)
			BackupInstance (0ms)
			ReleaseScriptingObjects (0ms)
			CreateAndSetChildDomain (45ms)
		EndReloadAssembly (1191ms)
			LoadAssemblies (175ms)
			RebuildTransferFunctionScriptingTraits (0ms)
			SetupTypeCache (469ms)
			ReleaseScriptCaches (2ms)
			RebuildScriptCaches (52ms)
			SetupLoadedEditorAssemblies (460ms)
				LogAssemblyErrors (0ms)
				InitializePlatformSupportModulesInManaged (31ms)
				SetLoadedEditorAssemblies (1ms)
				RefreshPlugins (1ms)
				BeforeProcessingInitializeOnLoad (83ms)
				ProcessInitializeOnLoadAttributes (282ms)
				ProcessInitializeOnLoadMethodAttributes (48ms)
				AfterProcessingInitializeOnLoad (13ms)
				EditorAssembliesLoaded (0ms)
			ExecutionOrderSort2 (0ms)
			AwakeInstancesAfterBackupRestoration (10ms)
Platform modules already initialized, skipping
Refreshing native plugins compatible for Editor in 3.59 ms, found 3 plugins.
Preloading 0 native plugins for Editor in 0.00 ms.
Unloading 3237 Unused Serialized files (Serialized files now loaded: 0)
Unloading 16 unused Assets / (80.1 KB). Loaded Objects now: 3793.
Memory consumption went from 121.3 MB to 121.2 MB.
Total: 5.368200 ms (FindLiveObjects: 0.439900 ms CreateObjectMapping: 0.338100 ms MarkObjects: 4.440000 ms  DeleteObjects: 0.148000 ms)

AssetImportParameters requested are different than current active one (requested -> active):
  custom:video-decoder-ogg-theora: a1e56fd34408186e4bbccfd4996cb3dc -> 
  custom:container-muxer-webm: aa71ff27fc2769a1b78a27578f13a17b -> 
  custom:container-demuxer-webm: 4f35f7cbe854078d1ac9338744f61a02 -> 
  custom:video-encoder-webm-vp8: eb34c28f22e8b96e1ab97ce403110664 -> 
  custom:video-codec-MediaFoundation-h265: 746d11721c4dcdbdad8f713fa42b33f4 -> 
  custom:audio-encoder-webm-vorbis: bf7c407c2cedff20999df2af8eb42d56 -> 
  custom:framework-win-MediaFoundation: 216162199b28c13a410421893ffa2e32 -> 
  custom:container-demuxer-ogg: 62fdf1f143b41e24485cea50d1cbac27 -> 
  custom:video-decoder-webm-vp8: 9c59270c3fd7afecdb556c50c9e8de78 -> 
  custom:audio-decoder-ogg-vorbis: bf7c407c2cedff20999df2af8eb42d56 -> 
========================================================================
Received Prepare
Registering precompiled user dll's ...
Registered in 0.006851 seconds.
Begin MonoManager ReloadAssembly
Symbol file LoadedFromMemory doesn't match image C:\Users\박규현\Desktop\UnityProject\Hit-And-Run\Library\PackageCache\com.unity.visualscripting@1.7.6\Editor\VisualScripting.Core\Dependencies\YamlDotNet\Unity.VisualScripting.YamlDotNet.dll
Symbol file LoadedFromMemory is not a mono symbol file
Symbol file LoadedFromMemory doesn't match image C:\Users\박규현\Desktop\UnityProject\Hit-And-Run\Library\PackageCache\com.unity.visualscripting@1.7.6\Editor\VisualScripting.Core\Dependencies\DotNetZip\Unity.VisualScripting.IonicZip.dll
Native extension for WindowsStandalone target not found
Native extension for Android target not found
Native extension for WebGL target not found
Refreshing native plugins compatible for Editor in 2.90 ms, found 3 plugins.
Preloading 0 native plugins for Editor in 0.00 ms.
Mono: successfully reloaded assembly
- Completed reload, in  3.217 seconds
Domain Reload Profiling:
	ReloadAssembly (3219ms)
		BeginReloadAssembly (217ms)
			ExecutionOrderSort (0ms)
			DisableScriptedObjects (9ms)
			BackupInstance (0ms)
			ReleaseScriptingObjects (0ms)
			CreateAndSetChildDomain (52ms)
		EndReloadAssembly (2827ms)
			LoadAssemblies (169ms)
			RebuildTransferFunctionScriptingTraits (0ms)
			SetupTypeCache (888ms)
			ReleaseScriptCaches (3ms)
			RebuildScriptCaches (191ms)
			SetupLoadedEditorAssemblies (1311ms)
				LogAssemblyErrors (0ms)
				InitializePlatformSupportModulesInManaged (103ms)
				SetLoadedEditorAssemblies (1ms)
				RefreshPlugins (3ms)
				BeforeProcessingInitializeOnLoad (251ms)
				ProcessInitializeOnLoadAttributes (832ms)
				ProcessInitializeOnLoadMethodAttributes (98ms)
				AfterProcessingInitializeOnLoad (23ms)
				EditorAssembliesLoaded (0ms)
			ExecutionOrderSort2 (0ms)
			AwakeInstancesAfterBackupRestoration (21ms)
Platform modules already initialized, skipping
Refreshing native plugins compatible for Editor in 4.78 ms, found 3 plugins.
Preloading 0 native plugins for Editor in 0.00 ms.
Unloading 3237 Unused Serialized files (Serialized files now loaded: 0)
Unloading 16 unused Assets / (80.2 KB). Loaded Objects now: 3796.
Memory consumption went from 121.3 MB to 121.2 MB.
Total: 7.834900 ms (FindLiveObjects: 0.442700 ms CreateObjectMapping: 0.432600 ms MarkObjects: 6.769600 ms  DeleteObjects: 0.188100 ms)

AssetImportParameters requested are different than current active one (requested -> active):
  custom:video-decoder-ogg-theora: a1e56fd34408186e4bbccfd4996cb3dc -> 
  custom:container-muxer-webm: aa71ff27fc2769a1b78a27578f13a17b -> 
  custom:container-demuxer-webm: 4f35f7cbe854078d1ac9338744f61a02 -> 
  custom:video-encoder-webm-vp8: eb34c28f22e8b96e1ab97ce403110664 -> 
  custom:video-codec-MediaFoundation-h265: 746d11721c4dcdbdad8f713fa42b33f4 -> 
  custom:audio-encoder-webm-vorbis: bf7c407c2cedff20999df2af8eb42d56 -> 
  custom:framework-win-MediaFoundation: 216162199b28c13a410421893ffa2e32 -> 
  custom:container-demuxer-ogg: 62fdf1f143b41e24485cea50d1cbac27 -> 
  custom:video-decoder-webm-vp8: 9c59270c3fd7afecdb556c50c9e8de78 -> 
  custom:audio-decoder-ogg-vorbis: bf7c407c2cedff20999df2af8eb42d56 -> 
========================================================================
Received Import Request.
  Time since last request: 471.711656 seconds.
  path: Assets/Camera/PlayerCamera.cs
  artifactKey: Guid(29bdbc1fa7a562541919605dcf68b0a1) Importer(815301076,1909f56bfc062723c751e8b465ee728b)
Start importing Assets/Camera/PlayerCamera.cs using Guid(29bdbc1fa7a562541919605dcf68b0a1) Importer(815301076,1909f56bfc062723c751e8b465ee728b)  -> (artifact id: '57ceddbaaecea158953398fd6055e4ff') in 0.010312 seconds 
========================================================================
Received Import Request.
  Time since last request: 17.750368 seconds.
  path: Assets/Camera/PlayerCamera.cs
  artifactKey: Guid(29bdbc1fa7a562541919605dcf68b0a1) Importer(815301076,1909f56bfc062723c751e8b465ee728b)
Start importing Assets/Camera/PlayerCamera.cs using Guid(29bdbc1fa7a562541919605dcf68b0a1) Importer(815301076,1909f56bfc062723c751e8b465ee728b)  -> (artifact id: '036f8cc67e1f9c6ff39f423a3c067845') in 0.009076 seconds 
========================================================================
Received Prepare
Registering precompiled user dll's ...
Registered in 0.005141 seconds.
Begin MonoManager ReloadAssembly
Symbol file LoadedFromMemory doesn't match image C:\Users\박규현\Desktop\UnityProject\Hit-And-Run\Library\PackageCache\com.unity.visualscripting@1.7.6\Editor\VisualScripting.Core\Dependencies\YamlDotNet\Unity.VisualScripting.YamlDotNet.dll
Symbol file LoadedFromMemory is not a mono symbol file
Symbol file LoadedFromMemory doesn't match image C:\Users\박규현\Desktop\UnityProject\Hit-And-Run\Library\PackageCache\com.unity.visualscripting@1.7.6\Editor\VisualScripting.Core\Dependencies\DotNetZip\Unity.VisualScripting.IonicZip.dll
Native extension for WindowsStandalone target not found
Native extension for Android target not found
Native extension for WebGL target not found
Refreshing native plugins compatible for Editor in 0.62 ms, found 3 plugins.
Preloading 0 native plugins for Editor in 0.00 ms.
Mono: successfully reloaded assembly
- Completed reload, in  1.643 seconds
Domain Reload Profiling:
	ReloadAssembly (1644ms)
		BeginReloadAssembly (218ms)
			ExecutionOrderSort (0ms)
			DisableScriptedObjects (7ms)
			BackupInstance (0ms)
			ReleaseScriptingObjects (0ms)
			CreateAndSetChildDomain (58ms)
		EndReloadAssembly (1255ms)
			LoadAssemblies (351ms)
			RebuildTransferFunctionScriptingTraits (0ms)
			SetupTypeCache (424ms)
			ReleaseScriptCaches (1ms)
			RebuildScriptCaches (52ms)
			SetupLoadedEditorAssemblies (402ms)
				LogAssemblyErrors (0ms)
				InitializePlatformSupportModulesInManaged (34ms)
				SetLoadedEditorAssemblies (1ms)
				RefreshPlugins (1ms)
				BeforeProcessingInitializeOnLoad (93ms)
				ProcessInitializeOnLoadAttributes (239ms)
				ProcessInitializeOnLoadMethodAttributes (27ms)
				AfterProcessingInitializeOnLoad (8ms)
				EditorAssembliesLoaded (0ms)
			ExecutionOrderSort2 (0ms)
			AwakeInstancesAfterBackupRestoration (8ms)
Platform modules already initialized, skipping
Refreshing native plugins compatible for Editor in 3.35 ms, found 3 plugins.
Preloading 0 native plugins for Editor in 0.00 ms.
Unloading 3237 Unused Serialized files (Serialized files now loaded: 0)
Unloading 16 unused Assets / (80.1 KB). Loaded Objects now: 3799.
Memory consumption went from 121.3 MB to 121.3 MB.
Total: 5.870000 ms (FindLiveObjects: 0.476800 ms CreateObjectMapping: 0.362000 ms MarkObjects: 4.887000 ms  DeleteObjects: 0.141700 ms)

AssetImportParameters requested are different than current active one (requested -> active):
  custom:video-decoder-ogg-theora: a1e56fd34408186e4bbccfd4996cb3dc -> 
  custom:container-muxer-webm: aa71ff27fc2769a1b78a27578f13a17b -> 
  custom:container-demuxer-webm: 4f35f7cbe854078d1ac9338744f61a02 -> 
  custom:video-encoder-webm-vp8: eb34c28f22e8b96e1ab97ce403110664 -> 
  custom:video-codec-MediaFoundation-h265: 746d11721c4dcdbdad8f713fa42b33f4 -> 
  custom:audio-encoder-webm-vorbis: bf7c407c2cedff20999df2af8eb42d56 -> 
  custom:framework-win-MediaFoundation: 216162199b28c13a410421893ffa2e32 -> 
  custom:container-demuxer-ogg: 62fdf1f143b41e24485cea50d1cbac27 -> 
  custom:video-decoder-webm-vp8: 9c59270c3fd7afecdb556c50c9e8de78 -> 
  custom:audio-decoder-ogg-vorbis: bf7c407c2cedff20999df2af8eb42d56 -> 
========================================================================
Received Import Request.
  Time since last request: 7.643915 seconds.
  path: Assets/Camera/PlayerCamera.cs
  artifactKey: Guid(29bdbc1fa7a562541919605dcf68b0a1) Importer(815301076,1909f56bfc062723c751e8b465ee728b)
Start importing Assets/Camera/PlayerCamera.cs using Guid(29bdbc1fa7a562541919605dcf68b0a1) Importer(815301076,1909f56bfc062723c751e8b465ee728b)  -> (artifact id: 'eb7fafa6ed5a5ce24ae19d627952105c') in 0.015265 seconds 
========================================================================
Received Prepare
Registering precompiled user dll's ...
Registered in 0.007919 seconds.
Begin MonoManager ReloadAssembly
Symbol file LoadedFromMemory doesn't match image C:\Users\박규현\Desktop\UnityProject\Hit-And-Run\Library\PackageCache\com.unity.visualscripting@1.7.6\Editor\VisualScripting.Core\Dependencies\YamlDotNet\Unity.VisualScripting.YamlDotNet.dll
Symbol file LoadedFromMemory is not a mono symbol file
Symbol file LoadedFromMemory doesn't match image C:\Users\박규현\Desktop\UnityProject\Hit-And-Run\Library\PackageCache\com.unity.visualscripting@1.7.6\Editor\VisualScripting.Core\Dependencies\DotNetZip\Unity.VisualScripting.IonicZip.dll
Native extension for WindowsStandalone target not found
Native extension for Android target not found
Native extension for WebGL target not found
Refreshing native plugins compatible for Editor in 0.62 ms, found 3 plugins.
Preloading 0 native plugins for Editor in 0.00 ms.
Mono: successfully reloaded assembly
- Completed reload, in  1.512 seconds
Domain Reload Profiling:
	ReloadAssembly (1512ms)
		BeginReloadAssembly (226ms)
			ExecutionOrderSort (0ms)
			DisableScriptedObjects (10ms)
			BackupInstance (0ms)
			ReleaseScriptingObjects (0ms)
			CreateAndSetChildDomain (65ms)
		EndReloadAssembly (1115ms)
			LoadAssemblies (195ms)
			RebuildTransferFunctionScriptingTraits (0ms)
			SetupTypeCache (385ms)
			ReleaseScriptCaches (1ms)
			RebuildScriptCaches (49ms)
			SetupLoadedEditorAssemblies (388ms)
				LogAssemblyErrors (0ms)
				InitializePlatformSupportModulesInManaged (29ms)
				SetLoadedEditorAssemblies (1ms)
				RefreshPlugins (1ms)
				BeforeProcessingInitializeOnLoad (84ms)
				ProcessInitializeOnLoadAttributes (237ms)
				ProcessInitializeOnLoadMethodAttributes (28ms)
				AfterProcessingInitializeOnLoad (8ms)
				EditorAssembliesLoaded (0ms)
			ExecutionOrderSort2 (0ms)
			AwakeInstancesAfterBackupRestoration (8ms)
Platform modules already initialized, skipping
Refreshing native plugins compatible for Editor in 3.15 ms, found 3 plugins.
Preloading 0 native plugins for Editor in 0.00 ms.
Unloading 3237 Unused Serialized files (Serialized files now loaded: 0)
Unloading 16 unused Assets / (80.1 KB). Loaded Objects now: 3802.
Memory consumption went from 121.3 MB to 121.3 MB.
Total: 5.367400 ms (FindLiveObjects: 0.683800 ms CreateObjectMapping: 0.418500 ms MarkObjects: 4.100600 ms  DeleteObjects: 0.162200 ms)

AssetImportParameters requested are different than current active one (requested -> active):
  custom:video-decoder-ogg-theora: a1e56fd34408186e4bbccfd4996cb3dc -> 
  custom:container-muxer-webm: aa71ff27fc2769a1b78a27578f13a17b -> 
  custom:container-demuxer-webm: 4f35f7cbe854078d1ac9338744f61a02 -> 
  custom:video-encoder-webm-vp8: eb34c28f22e8b96e1ab97ce403110664 -> 
  custom:video-codec-MediaFoundation-h265: 746d11721c4dcdbdad8f713fa42b33f4 -> 
  custom:audio-encoder-webm-vorbis: bf7c407c2cedff20999df2af8eb42d56 -> 
  custom:framework-win-MediaFoundation: 216162199b28c13a410421893ffa2e32 -> 
  custom:container-demuxer-ogg: 62fdf1f143b41e24485cea50d1cbac27 -> 
  custom:video-decoder-webm-vp8: 9c59270c3fd7afecdb556c50c9e8de78 -> 
  custom:audio-decoder-ogg-vorbis: bf7c407c2cedff20999df2af8eb42d56 -> 
========================================================================
Received Prepare
Registering precompiled user dll's ...
Registered in 0.007836 seconds.
Begin MonoManager ReloadAssembly
Symbol file LoadedFromMemory doesn't match image C:\Users\박규현\Desktop\UnityProject\Hit-And-Run\Library\PackageCache\com.unity.visualscripting@1.7.6\Editor\VisualScripting.Core\Dependencies\YamlDotNet\Unity.VisualScripting.YamlDotNet.dll
Symbol file LoadedFromMemory is not a mono symbol file
Symbol file LoadedFromMemory doesn't match image C:\Users\박규현\Desktop\UnityProject\Hit-And-Run\Library\PackageCache\com.unity.visualscripting@1.7.6\Editor\VisualScripting.Core\Dependencies\DotNetZip\Unity.VisualScripting.IonicZip.dll
Native extension for WindowsStandalone target not found
Native extension for Android target not found
Native extension for WebGL target not found
Refreshing native plugins compatible for Editor in 4.56 ms, found 3 plugins.
Preloading 0 native plugins for Editor in 0.00 ms.
Mono: successfully reloaded assembly
- Completed reload, in  6.521 seconds
Domain Reload Profiling:
	ReloadAssembly (6525ms)
		BeginReloadAssembly (213ms)
			ExecutionOrderSort (0ms)
			DisableScriptedObjects (7ms)
			BackupInstance (0ms)
			ReleaseScriptingObjects (0ms)
			CreateAndSetChildDomain (47ms)
		EndReloadAssembly (6165ms)
			LoadAssemblies (163ms)
			RebuildTransferFunctionScriptingTraits (0ms)
			SetupTypeCache (2062ms)
			ReleaseScriptCaches (9ms)
			RebuildScriptCaches (407ms)
			SetupLoadedEditorAssemblies (2848ms)
				LogAssemblyErrors (0ms)
				InitializePlatformSupportModulesInManaged (200ms)
				SetLoadedEditorAssemblies (6ms)
				RefreshPlugins (5ms)
				BeforeProcessingInitializeOnLoad (530ms)
				ProcessInitializeOnLoadAttributes (1866ms)
				ProcessInitializeOnLoadMethodAttributes (196ms)
				AfterProcessingInitializeOnLoad (43ms)
				EditorAssembliesLoaded (1ms)
			ExecutionOrderSort2 (0ms)
			AwakeInstancesAfterBackupRestoration (47ms)
Platform modules already initialized, skipping
Refreshing native plugins compatible for Editor in 14.56 ms, found 3 plugins.
Preloading 0 native plugins for Editor in 0.00 ms.
Unloading 3237 Unused Serialized files (Serialized files now loaded: 0)
Unloading 16 unused Assets / (80.0 KB). Loaded Objects now: 3805.
Memory consumption went from 121.3 MB to 121.3 MB.
Total: 18.174800 ms (FindLiveObjects: 0.522100 ms CreateObjectMapping: 1.374000 ms MarkObjects: 16.127400 ms  DeleteObjects: 0.148800 ms)

AssetImportParameters requested are different than current active one (requested -> active):
  custom:video-decoder-ogg-theora: a1e56fd34408186e4bbccfd4996cb3dc -> 
  custom:container-muxer-webm: aa71ff27fc2769a1b78a27578f13a17b -> 
  custom:container-demuxer-webm: 4f35f7cbe854078d1ac9338744f61a02 -> 
  custom:video-encoder-webm-vp8: eb34c28f22e8b96e1ab97ce403110664 -> 
  custom:video-codec-MediaFoundation-h265: 746d11721c4dcdbdad8f713fa42b33f4 -> 
  custom:audio-encoder-webm-vorbis: bf7c407c2cedff20999df2af8eb42d56 -> 
  custom:framework-win-MediaFoundation: 216162199b28c13a410421893ffa2e32 -> 
  custom:container-demuxer-ogg: 62fdf1f143b41e24485cea50d1cbac27 -> 
  custom:video-decoder-webm-vp8: 9c59270c3fd7afecdb556c50c9e8de78 -> 
  custom:audio-decoder-ogg-vorbis: bf7c407c2cedff20999df2af8eb42d56 -> 
========================================================================
Received Prepare
Registering precompiled user dll's ...
Registered in 0.008597 seconds.
Begin MonoManager ReloadAssembly
Symbol file LoadedFromMemory doesn't match image C:\Users\박규현\Desktop\UnityProject\Hit-And-Run\Library\PackageCache\com.unity.visualscripting@1.7.6\Editor\VisualScripting.Core\Dependencies\YamlDotNet\Unity.VisualScripting.YamlDotNet.dll
Symbol file LoadedFromMemory is not a mono symbol file
Symbol file LoadedFromMemory doesn't match image C:\Users\박규현\Desktop\UnityProject\Hit-And-Run\Library\PackageCache\com.unity.visualscripting@1.7.6\Editor\VisualScripting.Core\Dependencies\DotNetZip\Unity.VisualScripting.IonicZip.dll
Native extension for WindowsStandalone target not found
Native extension for Android target not found
Native extension for WebGL target not found
Refreshing native plugins compatible for Editor in 3.66 ms, found 3 plugins.
Preloading 0 native plugins for Editor in 0.00 ms.
Mono: successfully reloaded assembly
- Completed reload, in  4.801 seconds
Domain Reload Profiling:
	ReloadAssembly (4805ms)
		BeginReloadAssembly (211ms)
			ExecutionOrderSort (0ms)
			DisableScriptedObjects (7ms)
			BackupInstance (0ms)
			ReleaseScriptingObjects (0ms)
			CreateAndSetChildDomain (50ms)
		EndReloadAssembly (4428ms)
			LoadAssemblies (162ms)
			RebuildTransferFunctionScriptingTraits (0ms)
			SetupTypeCache (849ms)
			ReleaseScriptCaches (8ms)
			RebuildScriptCaches (235ms)
			SetupLoadedEditorAssemblies (2643ms)
				LogAssemblyErrors (0ms)
				InitializePlatformSupportModulesInManaged (141ms)
				SetLoadedEditorAssemblies (2ms)
				RefreshPlugins (4ms)
				BeforeProcessingInitializeOnLoad (395ms)
				ProcessInitializeOnLoadAttributes (1828ms)
				ProcessInitializeOnLoadMethodAttributes (207ms)
				AfterProcessingInitializeOnLoad (65ms)
				EditorAssembliesLoaded (0ms)
			ExecutionOrderSort2 (0ms)
			AwakeInstancesAfterBackupRestoration (56ms)
Platform modules already initialized, skipping
Refreshing native plugins compatible for Editor in 9.58 ms, found 3 plugins.
Preloading 0 native plugins for Editor in 0.00 ms.
Unloading 3237 Unused Serialized files (Serialized files now loaded: 0)
Unloading 16 unused Assets / (80.1 KB). Loaded Objects now: 3808.
Memory consumption went from 121.4 MB to 121.3 MB.
Total: 13.543100 ms (FindLiveObjects: 1.523000 ms CreateObjectMapping: 0.702300 ms MarkObjects: 11.057500 ms  DeleteObjects: 0.255900 ms)

AssetImportParameters requested are different than current active one (requested -> active):
  custom:video-decoder-ogg-theora: a1e56fd34408186e4bbccfd4996cb3dc -> 
  custom:container-muxer-webm: aa71ff27fc2769a1b78a27578f13a17b -> 
  custom:container-demuxer-webm: 4f35f7cbe854078d1ac9338744f61a02 -> 
  custom:video-encoder-webm-vp8: eb34c28f22e8b96e1ab97ce403110664 -> 
  custom:video-codec-MediaFoundation-h265: 746d11721c4dcdbdad8f713fa42b33f4 -> 
  custom:audio-encoder-webm-vorbis: bf7c407c2cedff20999df2af8eb42d56 -> 
  custom:framework-win-MediaFoundation: 216162199b28c13a410421893ffa2e32 -> 
  custom:container-demuxer-ogg: 62fdf1f143b41e24485cea50d1cbac27 -> 
  custom:video-decoder-webm-vp8: 9c59270c3fd7afecdb556c50c9e8de78 -> 
  custom:audio-decoder-ogg-vorbis: bf7c407c2cedff20999df2af8eb42d56 -> 
